"","Comp. 1","Comp. 2","Comp. 3","Comp. 4","Comp. 5"
"1_317.2_4.436",5.1194,7.0179,7.5915,7.2208,7.0335
"2_655.398_4.433",3.9247,5.2906,5.8193,5.5288,5.4026
"3_374.261_0.409",2.4743,3.4371,3.6826,3.5138,3.445
"4_659.429_4.683",1.4899,2.4462,2.7285,2.6028,2.4806
"5_319.215_4.705",3.4765,4.5823,4.7833,4.5474,4.4109
"6_287.224_5.044",2.1923,3.4189,3.5707,3.3998,3.291
"7_633.416_4.434",1.7955,2.6217,2.9017,2.7603,2.6905
"8_971.608_4.435",1.6577,2.2624,2.4348,2.3225,2.2803
"9_303.22_5.579",3.0783,5.6346,6.7688,8.2138,10.054
"10_331.216_6.213",1.6514,2.3799,2.6397,2.5077,2.4249
"11_857.519_6.942",0.46211,0.48464,0.51799,0.49627,0.50269
"12_685.467_9.252",1.5876,1.9728,1.921,1.9337,1.9107
"13_685.437_11.027",0.95633,1.4679,1.3745,1.309,1.2414
"14_299.188_4.522",3.0813,4.7117,4.4078,4.7433,4.6114
"15_359.212_5.742",2.0384,2.9986,3.3324,3.1666,3.0583
"16_527.295_4.994",0.1723,0.12313,0.1257,0.11948,0.11866
"17_655.398_4.841",13.499,9.6811,9.4998,9.0256,8.6022
"18_155.058_0.245",0.11788,0.34816,0.4239,0.4174,0.48021
"19_857.487_7.202",0.18422,0.13218,0.13244,0.12735,0.13019
"20_338.332_8.729",1.2794,1.4096,1.3742,1.3718,1.3098
"21_510.389_6.338",2.9314,2.8468,2.6448,3.1683,3.1354
"22_285.208_5.582",11.994,9.4432,8.9256,8.5597,8.1899
"23_637.447_4.711",1.9367,2.5888,2.9522,2.8055,2.7306
"24_339.183_4.529",0.75882,1.5259,1.4222,1.6679,1.6945
"25_739.421_5.74",0.91329,1.2598,1.4037,1.3349,1.2954
"26_353.199_6.21",0.78932,1.0193,1.1178,1.0621,1.031
"27_138.029_0.249",1.7935,1.3148,1.2262,1.2211,1.2122
"28_694.543_10.725",1.0486,1.101,1.0809,1.0276,0.97529
"29_399.207_5.367",1.3257,1.6862,1.8146,1.7303,1.6856
"30_339.183_4.829",0.17342,4.1639,3.9247,3.7315,3.5488
"31_299.188_4.431",0.95628,1.3619,1.5015,1.4269,1.4017
"32_339.183_4.434",1.4785,1.798,1.8781,1.7845,1.7155
"33_415.347_5.156",1.1028,1.4578,1.358,1.3278,1.2632
"34_977.655_4.708",0.95151,1.1128,1.2504,1.1888,1.158
"35_815.511_6.396",0.23929,0.19589,0.20534,0.19735,0.20062
"36_527.296_4.874",0.71049,0.86693,0.91096,0.86702,0.84834
"37_373.19_4.687",0.38956,0.30816,0.58181,0.58397,0.57865
"38_325.203_5.575",1.7262,1.2855,1.6451,2.5831,2.5854
"39_673.409_4.73",0.7791,0.93819,1.0212,0.97617,0.96272
"40_553.33_6.847",0.089091,0.38424,0.3597,0.38668,0.46863
"41_649.411_6.268",0.51173,0.62173,0.67961,0.65012,0.64541
"42_428.368_6.658",0.22647,1.0538,1.8016,2.5479,2.9115
"43_327.219_5.046",0.40713,0.43971,0.47752,0.45622,0.45477
"44_513.337_7.201",2.2652,1.6212,1.5428,1.4851,1.4259
"45_146.093_0.24",0.44689,0.35653,0.36621,0.34814,0.33357
"46_485.284_4.275",0.12325,0.10079,0.09414,0.089647,0.08602
"47_775.443_5.368",0.53092,0.61178,0.66775,0.63802,0.62537
"48_381.196_5.742",0.70685,0.94025,1.0459,0.99478,0.96539
"49_355.179_4.735",0.97741,1.1364,1.2176,1.17,1.1611
"50_301.204_6.465",8.6743,6.2596,6.1828,6.389,6.1776
"51_813.532_7.693",0.39361,0.41129,0.43736,0.41893,0.41481
"52_482.357_5.555",0.3028,0.91335,0.99174,1.2727,1.3233
"53_330.286_5.153",0.40479,0.38942,0.41915,0.39817,0.37868
"54_817.493_7.204",0.11588,0.10066,0.093583,0.089026,0.084727
"55_323.187_6.471",3.8301,2.7534,2.6312,2.5925,2.5398
"56_374.261_0.557",0.20359,0.23378,0.25102,0.24647,0.27019
"57_713.499_9.75",0.12342,0.10332,0.096095,0.091294,0.086596
"58_633.415_5.862",0.58704,0.73228,0.83047,0.78892,0.75953
"59_1097.641_5.735",0.20794,0.17453,0.19308,0.18381,0.18147
"60_371.174_3.795",0.56908,0.7555,0.77768,0.81656,0.7768
"61_466.325_6.299",0.15297,0.19981,0.3065,0.32434,0.3074
"62_783.484_6.193",0.1819,0.13312,0.13195,0.12894,0.13044
"63_301.204_4.707",0.63222,0.69014,0.76684,0.73075,0.70381
"64_562.372_5.402",0.29942,0.26168,0.24646,0.24825,0.23677
"65_708.514_11.023",0.43157,0.52359,0.48686,0.48312,0.45973
"66_817.494_6.617",0.10697,0.10224,0.094906,0.090225,0.085561
"67_424.316_7.465",0.87462,0.70742,0.68052,0.7387,0.70947
"68_303.22_5.806",3.5571,2.5436,3.7017,3.6525,3.6226
"69_289.24_7.639",3.7078,3.8012,3.6369,3.5999,3.6025
"70_655.398_5.785",0.2834,0.27467,0.31314,0.29754,0.28845
"71_269.212_5.047",0.34778,0.67926,0.64774,0.61833,0.58688
"72_299.188_6.205",0.33422,0.36101,0.41443,0.39368,0.3804
"73_299.188_4.839",5.1545,3.69,3.5595,3.3813,3.2056
"74_775.443_3.891",0.69941,0.93164,1.0779,1.0246,0.97594
"75_333.232_6.601",1.0245,1.3247,1.4472,1.3878,1.4061
"76_399.207_1.555",0.26762,0.24557,0.26706,0.25532,0.25259
"77_749.521_9.954",0.16104,0.17593,0.21282,0.21687,0.29503
"78_359.212_3.891",0.94053,1.3107,1.4966,1.4222,1.3591
"79_1173.693_7.852",0.10439,0.10245,0.095148,0.090451,0.085736
"80_603.462_9.248",0.2191,0.23646,0.22579,0.21953,0.21644
"81_377.224_5.369",0.40943,0.44121,0.4821,0.46049,0.45028
"82_693.438_6.718",0.54892,0.67842,0.75917,0.7213,0.69324
"83_817.528_6.945",0.15246,0.10938,0.10498,0.1023,0.10411
"84_801.495_5.15",0.12743,0.098905,0.09286,0.088877,0.085707
"85_440.311_6.956",0.2995,0.28951,0.28972,0.27523,0.26107
"86_490.37_5.699",0.0051373,0.27629,0.26047,0.28979,0.27535
"87_857.489_6.617",0.10508,0.10213,0.094851,0.090186,0.085493
"88_392.272_0.381",0.25201,0.23167,0.25958,0.24695,0.23903
"89_341.199_5.614",0.36174,0.38362,0.41498,0.39796,0.39542
"90_487.302_5.008",0.10136,0.10232,0.095166,0.090494,0.085759
"91_652.389_4.434",0.34278,0.35572,0.39241,0.37413,0.36541
"92_553.33_7.247",0.0077239,0.082811,0.10689,0.14374,0.17163
"93_162.089_0.246",2.6734,2.4035,2.4416,2.4109,2.3241
"94_331.216_6.333",0.31766,0.3157,0.36928,0.35335,0.33496
"95_355.215_6.599",0.77126,0.83658,0.86477,0.83924,0.86049
"96_471.325_6.581",0.28154,0.24105,0.22751,0.21994,0.20988
"97_835.503_6.62",0.10211,0.10234,0.095149,0.09047,0.085738
"98_707.524_9.886",0.21289,0.16828,0.17431,0.16714,0.16498
"99_671.393_6.267",0.25738,0.23724,0.25797,0.24709,0.24459
"100_355.179_4.344",3.5825,2.7025,2.5086,2.5473,2.4163
"101_752.57_9.345",0.078387,0.071939,0.10846,0.13911,0.19927
"102_683.396_6.449",0.6075,0.72202,0.76587,0.73952,0.74319
"103_399.207_3.889",0.49298,0.70863,0.73037,0.70632,0.69415
"104_917.585_10.983",0.19773,0.14135,0.14049,0.13445,0.1319
"105_299.188_4.627",0.67472,1.416,1.5137,1.5015,1.789
"106_333.196_4.693",0.042612,0.59395,0.56413,0.57179,0.61359
"107_541.369_8.011",0.25627,0.18314,0.17427,0.16582,0.15815
"108_671.487_10.018",0.47594,0.67573,0.64288,0.64801,0.65624
"109_793.493_6.144",0.10232,0.10235,0.095143,0.090463,0.085732
"110_418.329_6.954",0.2626,0.23906,0.24445,0.23224,0.22021
"111_375.208_4.131",0.7629,1.0426,1.1947,1.1357,1.0836
"112_685.41_7.569",0.12464,0.095305,0.090372,0.086183,0.083036
"113_271.228_7.587",0.16975,1.7943,1.8641,1.7712,1.9378
"114_631.364_6.849",0.059561,0.045056,0.061161,0.085032,0.094552
"115_325.203_5.807",1.4596,1.0434,1.5592,1.5098,1.4558
"116_327.219_6.131",0.67793,0.68326,1.0833,1.2552,1.527
"117_344.342_6.756",0.87628,0.70038,0.6519,0.64186,0.6544
"118_303.22_6.796",0.33007,0.32454,0.36429,0.34627,0.33112
"119_690.512_9.594",0.13202,0.097111,0.095586,0.090806,0.086421
"120_462.234_6.329",0.43374,0.94617,0.96192,0.99458,1.0738
"121_434.264_5.627",0.099623,0.13345,0.14459,0.16314,0.20347
"122_327.219_5.265",0.85588,3.6845,3.7308,3.5454,3.3599
"123_371.174_3.881",1.184,1.5678,1.4938,1.6096,1.5624
"124_559.516_11.134",0.29244,0.28397,0.27743,0.30289,0.31561
"125_631.4_6.269",0.1859,0.14437,0.15162,0.14601,0.14485
"126_774.553_9.345",0.054227,0.046641,0.099753,0.1403,0.16507
"127_271.191_4.434",0.34479,0.36421,0.40228,0.38316,0.37425
"128_271.228_6.88",4.0282,2.8793,3.5125,4.3564,4.58
"129_355.179_3.505",0.29934,0.30037,0.33439,1.0404,1.0733
"130_328.252_5.045",0.20705,0.40029,0.37244,0.35478,0.33795
"131_797.499_7.406",0.11619,0.097147,0.090181,0.086467,0.083351
"132_273.244_7.407",1.2234,1.1366,1.0561,1.0033,1.0405
"133_281.176_4.437",0.25838,0.24157,0.26151,0.25025,0.24768
"134_359.212_5.855",0.30508,0.29584,0.31073,0.29862,0.29555
"135_499.357_7.405",2.0317,2.8087,2.7274,2.7272,2.6959
"136_610.184_10.872",0.10384,0.10205,0.094815,0.090165,0.085459
"137_579.438_10.536",0.2808,0.27801,0.31364,0.29795,0.28843
"138_613.353_6.842",0.095712,0.093477,0.087746,0.084047,0.079946
"139_361.226_4.817",0.13425,0.096915,0.093324,0.089274,0.086834
"140_678.548_11.516",0.45876,0.45996,0.45189,0.42947,0.42244
"141_675.427_7.481",0.19424,0.15706,0.16903,0.16193,0.16127
"142_981.562_8.204",0.14459,0.10398,0.11363,0.11355,0.10887
"143_559.13_7.787",0.12381,0.11946,0.11742,0.11348,0.11032
"144_123.089_5.045",0.16597,0.12239,0.13076,0.12455,0.12212
"145_485.284_4.162",0.35812,0.37685,0.40202,0.38225,0.37405
"146_655.398_6.13",0.27088,0.25387,0.28373,0.27021,0.26378
"147_315.184_3.874",1.173,1.2939,1.2507,1.1917,1.1362
"148_344.248_5.588",3.9976,3.4344,3.2437,3.0813,2.9364
"149_176.106_0.25",1.2595,0.91074,0.84529,0.83006,0.83162
"150_747.505_9.564",0.13523,0.14668,0.15187,0.14609,0.14795
"151_305.235_6.108",1.7827,2.3924,3.5946,3.5368,4.2988
"152_793.49_8.695",0.15492,0.14463,0.13862,0.13272,0.12825
"153_205.112_0.979",0.29725,0.3468,0.33112,0.31768,0.30251
"154_399.207_2.141",0.27649,0.2645,0.29105,0.27776,0.27383
"155_536.502_10.233",0.23698,0.36296,0.35261,0.34989,0.34204
"156_633.15_8.52",0.12213,0.12,0.11751,0.11414,0.1115
"157_317.294_6.541",1.2117,1.6484,1.6121,1.6088,1.601
"158_339.183_5.663",1.395,1.5533,1.6452,1.5882,1.5296
"159_361.228_5.995",0.97506,1.1519,1.281,1.2169,1.22
"160_287.224_7.543",3.6972,2.6661,2.6631,2.8243,2.7441
"161_761.502_5.37",0.11893,0.099615,0.092613,0.088333,0.084348
"162_715.42_6.718",0.27718,0.26518,0.29578,0.28105,0.26959
"163_322.194_5.585",0.80627,0.62204,1.3826,1.5907,1.8997
"164_669.378_4.501",0.10593,0.09924,0.092202,0.08792,0.083325
"165_318.289_4.701",0.23237,0.24584,0.24037,0.23796,0.24079
"166_512.332_6.086",0.37695,0.43505,0.40387,0.40063,0.39041
"167_728.57_9.238",0.15516,0.11167,0.10682,0.10152,0.09621
"168_317.2_4.103",0.60734,0.83176,0.90019,0.85874,0.85403
"169_655.398_4.622",0.93939,2.6859,2.7137,2.6327,2.8327
"170_498.319_5.73",0.12206,0.10634,0.098818,0.095347,0.095415
"171_1173.693_7.461",0.1014,0.10231,0.095163,0.090491,0.085756
"172_353.163_4.505",0.1117,0.096986,0.090118,0.085797,0.081308
"173_661.466_10.208",0.21878,0.3287,0.31433,0.30542,0.2895
"174_473.343_7.168",0.14777,0.10616,0.10163,0.096745,0.091996
"175_911.577_9.261",0.0033379,0.007053,0.049252,0.05924,0.076106
"176_683.43_6.204",0.11691,0.09482,0.088624,0.08445,0.080377
"177_345.327_7.413",1.4264,2.1229,2.0673,2.0767,2.0238
"178_388.277_1.312",0.17896,0.13428,0.14122,0.135,0.13519
"179_581.452_10.106",2.5015,1.7878,1.7118,1.6304,1.5487
"180_409.249_5.681",0.25496,0.39503,0.37346,0.36106,0.34818
"181_468.34_6.257",0.19578,0.22152,0.20644,0.20558,0.20069
"182_287.224_7.096",0.15296,0.37134,0.57127,0.54392,0.5155
"183_357.194_4.534",0.053421,0.039573,0.041189,0.045251,0.047013
"184_357.196_4.592",0.10724,0.099404,0.092264,0.087703,0.083119
"185_834.647_11.175",0.090758,0.080072,0.07583,0.072562,0.068893
"186_381.196_5.852",0.20792,0.17548,0.18844,0.18064,0.17931
"187_383.211_5.997",0.55843,0.55401,0.61948,0.58878,0.57978
"188_775.443_1.552",0.1145,0.0929,0.086811,0.082814,0.079526
"189_175.038_7.203",0.14113,0.10725,0.099552,0.095656,0.096165
"190_343.178_3.418",0.92671,0.705,0.65707,0.64803,0.64555
"191_124.059_12.199",0.099576,0.10169,0.094761,0.090188,0.085476
"192_955.546_7.975",0.1478,0.12741,0.1413,0.13546,0.16376
"193_1003.698_7.195",0.27764,0.20758,0.19823,0.18893,0.18091
"194_319.214_3.926",0.10607,0.098976,0.091902,0.087531,0.083022
"195_399.207_2.728",0.18738,0.1445,0.16107,0.153,0.14607
"196_819.506_8.89",0.051859,0.057452,0.056696,0.055018,0.052306
"197_583.414_8.236",0.083635,0.062931,0.05937,0.056925,0.054909
"198_603.224_7.199",0.10276,0.080318,0.076038,0.079136,0.080839
"199_369.195_4.582",0.39551,0.52657,0.55137,0.53208,0.51778
"200_371.21_5.077",1.594,1.2561,1.1658,1.1218,1.1858
"201_703.493_10.365",0.12315,0.096252,0.09142,0.086843,0.082311
"202_581.453_10.194",0.183,0.14079,0.15384,0.14628,0.14122
"203_765.473_7.005",0.10169,0.10057,0.093578,0.089055,0.084401
"204_532.371_6.337",0.23631,0.18092,0.16852,0.25535,0.24392
"205_767.474_8.523",0.027027,0.065094,0.06386,0.061083,0.06968
"206_797.499_7.512",0.10325,0.099989,0.092967,0.088488,0.083884
"207_313.204_6.205",0.14327,0.10243,0.1027,0.097946,0.095285
"208_373.19_0.628",0.12267,0.095813,0.089574,0.086125,0.083642
"209_633.415_6.115",0.10289,0.098898,0.091838,0.087346,0.082781
"210_247.151_12.219",0.095818,0.092772,0.086509,0.082317,0.078016
"211_715.42_5.762",0.11049,0.096304,0.089738,0.085248,0.080848
"212_627.439_5.58",0.36998,0.33661,0.93357,0.91723,0.88623
"213_325.203_6.789",0.10694,0.097795,0.090788,0.086311,0.081819
"214_245.097_0.233",0.28296,0.50919,0.48383,0.47498,0.4817
"215_369.195_4.777",0.20641,0.16061,0.18933,0.3699,0.38803
"216_402.333_7.457",0.40978,0.36065,0.35448,0.36693,0.36745
"217_783.484_6.511",0.11008,0.097516,0.090508,0.086392,0.082194
"218_381.196_5.575",0.090313,0.13682,0.18873,0.17974,0.17101
"219_281.177_6.192",0.12821,0.095887,0.092724,0.088126,0.083707
"220_644.453_6.958",0.015435,0.035253,0.04153,0.051597,0.051624
"221_267.196_5.586",1.1695,1.0737,1.0436,1.0258,1.0416
"222_183.127_0.984",0.14306,0.17696,0.16607,0.15882,0.15216
"223_513.425_10.779",0.79179,0.67533,0.66487,0.68843,0.72241
"224_661.411_6.46",0.26892,0.26818,0.29023,0.2796,0.28478
"225_369.195_4.852",0.66337,0.80293,0.81727,0.78826,0.74705
"226_462.357_6.684",3.9326,4.1932,4.0944,4.065,3.9706
"227_401.223_4.064",0.017797,0.090819,0.092196,0.087612,0.11405
"228_271.191_6.206",0.13582,0.098053,0.096776,0.092135,0.088673
"229_429.367_9.85",0.15939,0.20392,0.21718,0.23771,0.26082
"230_499.357_7.478",3.4983,3.7927,3.6717,3.5899,3.4799
"231_559.468_10.291",0.23431,0.20369,0.22101,0.20998,0.20219
"232_269.212_7.309",0.21121,0.17194,0.26661,0.25343,0.24059
"233_385.191_3.428",0.18146,0.18808,0.19705,0.18964,0.18896
"234_269.212_5.287",0.42267,2.4201,2.2757,2.1967,2.1924
"235_399.207_4.637",0.25224,0.20597,0.21651,0.20641,0.1981
"236_671.393_6.167",0.10123,0.10032,0.093251,0.088693,0.084072
"237_315.146_0.995",0.11049,0.095023,0.088276,0.084275,0.080807
"238_722.575_11.677",0.10599,0.10182,0.094905,0.090178,0.086057
"239_269.212_7.541",1.5648,1.1342,1.1505,1.2352,1.2107
"240_703.514_10.851",0.13435,0.20536,0.19433,0.18872,0.18047
"241_287.224_6.535",0.081149,0.066716,0.06392,0.060913,0.062414
"242_299.188_4.11",0.38761,0.44981,0.51874,0.49291,0.47156
"243_647.431_7.377",0.1138,0.095718,0.089454,0.084986,0.080539
"244_287.224_6.107",0.84014,1.3569,1.9999,1.9318,2.2991
"245_563.442_11.112",1.2468,0.89777,1.1667,1.2123,1.4017
"246_609.451_7.979",0.0041067,0.011046,0.031145,0.033604,0.044987
"247_831.434_6.639",0.11513,0.1178,0.11127,0.10982,0.10484
"248_583.419_8.487",0.084909,0.091881,0.085726,0.08189,0.07847
"249_371.21_4.181",0.21033,0.94131,0.88141,0.83735,0.80461
"250_775.443_2.154",0.11991,0.092577,0.087213,0.083395,0.080765
"251_330.269_7.576",0.22862,2.0338,2.4057,2.2906,2.6785
"252_330.269_7.637",1.2799,2.8626,2.6683,2.6795,2.6627
"253_675.427_6.722",0.1358,0.098781,0.095957,0.091668,0.088073
"254_771.52_7.189",0.15847,0.11338,0.1117,0.10742,0.10495
"255_387.206_1.247",0.14412,0.10303,0.10136,0.097862,0.099931
"256_132.075_0.232",0.10376,0.10368,0.096882,0.092033,0.088228
"257_563.442_11.39",0.10963,0.095839,0.089122,0.084759,0.080331
"258_671.393_4.815",0.089664,0.13053,0.12114,0.11508,0.11194
"259_587.228_7.638",0.020656,0.14996,0.14931,0.14197,0.13462
"260_672.561_10.715",0.1078,0.097106,0.090209,0.085724,0.08126
"261_697.409_6.887",0.10604,0.09771,0.090696,0.086209,0.081716
"262_299.188_5.559",0.24307,0.21626,0.26012,0.24819,0.2353
"263_671.393_4.511",0.096825,0.084599,0.078684,0.074935,0.071051
"264_371.211_4.339",0.11618,0.10208,0.094745,0.091379,0.087443
"265_333.195_3.816",0.42633,0.31228,1.1527,1.3576,1.4275
"266_582.472_8.097",0.091283,0.095501,0.089087,0.084897,0.080637
"267_315.184_0.623",0.10099,0.10035,0.093364,0.088856,0.084208
"268_387.206_4.086",0.0037707,0.32074,0.29874,0.29693,0.29924
"269_579.437_10.431",0.1093,0.1046,0.098297,0.093454,0.088999
"270_579.437_10.345",0.3282,0.24823,0.29648,0.30209,0.30669
"271_305.235_5.985",0.40764,0.80006,0.76672,0.72886,0.76825
"272_581.453_10.515",0.021907,0.096185,0.12467,0.12635,0.1282
"273_579.437_10.23",0.40954,0.30511,0.37658,0.38678,0.39693
"274_271.228_7.011",0.064223,0.38826,0.44855,0.42757,0.42242
"275_287.224_6.635",0.32401,0.45562,0.42289,0.41509,0.40672
"276_373.19_1.941",0.014024,0.047381,0.049272,0.05649,0.06323
"277_683.43_5.764",0.10207,0.10121,0.094755,0.090063,0.085368
"278_901.513_5.508",0.10838,0.096889,0.090037,0.085563,0.081101
"279_328.253_7.321",0.68241,0.51863,0.52735,0.50159,0.48328
"280_303.219_3.689",0.0015417,0.19024,0.19526,0.18645,0.22466
"281_341.199_4.704",1.1333,1.3817,1.3923,1.3281,1.261
"282_279.077_0.437",0.29254,0.34983,0.32521,0.30894,0.29562
"283_471.325_6.531",3.4428,4.923,4.7833,4.7902,4.7364
"284_399.207_5.792",0.89505,0.75133,0.72431,0.70883,0.76586
"285_815.475_6.705",0.10153,0.10006,0.093062,0.088576,0.083942
"286_339.183_4.093",0.72032,0.93297,1.016,0.96747,0.94534
"287_341.199_4.967",0.32653,0.25441,0.23643,0.24208,0.34503
"288_317.2_5.369",0.22149,0.17768,0.17913,0.1765,0.1808
"289_353.199_6.437",0.22189,0.18627,0.20603,0.19573,0.18699
"290_647.395_5.935",0.11733,0.095993,0.089643,0.085385,0.080932
"291_909.56_8.851",0.097321,0.10221,0.094955,0.090227,0.086125
"292_357.16_3.323",0.22118,0.21718,0.25134,0.239,0.23675
"293_156.113_1",0.10678,0.11699,0.10868,0.10324,0.098052
"294_691.422_6.2",0.25162,0.22977,0.25221,0.24097,0.23802
"295_371.093_7.788",0.11248,0.11301,0.10816,0.10401,0.099784
"296_319.215_4.975",0.25784,0.18505,0.18039,0.20218,0.35952
"297_301.204_6.596",0.27608,0.24166,0.25286,0.25342,0.26552
"298_669.414_7.64",0.12113,0.095694,0.09141,0.086872,0.082464
"299_717.62_10.714",0.10363,0.098873,0.091783,0.08726,0.082711
"300_303.22_5.445",0.30448,0.25123,0.27214,0.25904,0.27383
"301_303.22_5.381",0.089368,0.35079,0.35496,0.38009,0.65173
"302_736.554_11.039",0.15926,0.11435,0.10927,0.10595,0.10395
"303_285.208_4.905",0.11927,0.11233,0.10644,0.10398,0.1054
"304_373.19_2.849",0.26862,0.2633,0.29248,0.27983,0.28928
"305_669.414_7.066",0.11064,0.096566,0.090084,0.085574,0.081198
"306_355.179_2.86",0.096904,0.085513,0.08051,0.079082,0.075257
"307_355.179_1.647",0.10606,0.098236,0.091206,0.086934,0.082572
"308_645.534_12.18",0.79462,0.83074,0.81981,0.81824,0.81762
"309_333.195_2.801",0.12644,0.094801,0.089681,0.086722,0.087772
"310_305.235_5.266",0.070758,0.67065,0.66799,0.64106,0.61306
"311_357.195_1.608",0.12219,0.14402,0.13372,0.12726,0.12159
"312_887.574_10.828",1.0064,0.9531,0.89242,0.85193,0.80884
"313_697.409_7.481",0.17119,0.12916,0.13616,0.13048,0.12861
"314_562.372_5.284",0.011299,0.12674,0.11763,0.13138,0.14876
"315_141.933_12.497",0.43502,0.51923,0.48192,0.45864,0.44602
"316_287.224_7.327",0.62625,0.89836,0.85069,1.1071,1.8278
"317_285.208_5.804",1.4692,1.0687,1.4068,1.5244,1.6575
"318_159.945_12.497",0.32455,0.40707,0.37803,0.35912,0.34399
"319_331.18_3.79",0.59456,0.91837,0.87568,0.86894,0.83166
"320_387.17_2.99",0.031077,0.023167,0.047362,0.045722,0.044883
"321_377.224_4.513",0.10956,0.095689,0.08897,0.084651,0.080248
"322_807.484_7.859",0.10099,0.10084,0.09387,0.089327,0.084654
"323_456.4_7.476",1.5369,1.4757,1.4097,1.3918,1.3667
"324_383.211_5.854",0.26802,0.19155,0.17779,0.21885,0.26587
"325_285.208_4.585",1.0223,0.73169,0.69736,0.66275,0.63943
"326_401.205_3.937",0.013325,0.077823,0.083134,0.079058,0.098323
"327_333.196_2.9",0.00077788,0.058863,0.12948,0.16459,0.1978
"328_843.507_5.716",0.15517,0.1109,0.10613,0.10438,0.11096
"329_287.224_5.282",0.41739,5.6965,5.5341,5.2601,5.0526
"330_590.514_10.039",0.11915,0.13961,0.1296,0.12338,0.11835
"331_127.993_0.206",0.08288,0.070149,0.06586,0.062595,0.060982
"332_667.53_9.885",0.12745,0.096669,0.09258,0.087982,0.083458
"333_644.011_12.512",0.10391,0.074261,0.069532,0.066094,0.063338
"334_109.981_0.204",0.092232,0.086401,0.08052,0.076491,0.073743
"335_311.223_7.624",0.57025,0.69262,0.64338,0.63602,0.61958
"336_371.174_2.509",0.092875,0.066375,0.080363,0.14527,0.20313
"337_887.574_11.286",0.10847,0.1187,0.11017,0.10466,0.099599
"338_317.2_4.84",14.412,11.459,11.306,10.745,10.193
"339_633.416_4.838",10.062,7.2798,6.8986,6.5707,6.2805
"340_317.2_4.809",3.3322,2.9267,2.7171,2.6596,2.5354
"341_355.215_6.244",4.4303,3.1776,3.1073,3.0284,3.068
"342_317.2_4.781",2.1839,4.931,4.6023,4.3757,4.147
"343_623.408_6.47",2.6633,1.904,1.8631,1.8222,1.8067
"344_333.232_6.256",4.9232,3.5577,3.3444,3.2104,3.1225
"345_601.425_6.465",2.0479,1.5274,1.4332,1.3625,1.2916
"346_315.22_6.253",3.0469,2.2168,2.0827,1.9947,1.93
"347_299.188_4.782",0.59508,1.2976,1.2098,1.1501,1.0928
"348_315.184_4.128",1.4624,1.1073,1.0709,1.0173,0.96749
"349_719.379_4.091",0.0054601,0.039398,0.039388,0.043645,0.088345
"350_301.204_4.526",0.81433,0.78984,0.76639,0.74784,0.74867
"351_359.174_2.918",0.61519,0.55003,0.53139,0.51604,0.50983
"352_315.184_3.698",0.35548,0.57189,0.5543,0.5283,0.5007
"353_385.227_5.033",1.5396,1.1151,1.0525,1.0057,0.95576
"354_369.23_6.574",1.4247,1.2317,1.1435,1.0943,1.04
"355_691.42_4.092",0.3611,0.25888,0.24839,0.23736,0.22695
"356_301.204_4.156",0.66973,0.90273,0.9475,0.92062,0.89194
"357_719.38_3.88",1.421,2.0353,1.9456,1.9058,1.8122
"358_355.179_3.694",0.47983,0.43651,0.40999,0.39408,0.38903
"359_687.389_3.692",0.035563,0.079614,0.093003,0.11922,0.14965
"360_341.198_4.555",1.1214,0.80206,0.87933,0.83614,0.94538
"361_335.211_3.159",0.26415,0.18969,0.17922,0.17025,0.16444
"362_810.997_4.836",1.9651,1.4157,1.3342,1.2852,1.243
"363_315.184_3.504",0.06855,0.44362,0.41678,0.81022,0.8316
"364_418.269_6.057",1.4576,1.4514,1.4711,1.5623,1.5945
"365_651.367_7.759",0.35423,0.25603,0.23813,0.23098,0.22794
"366_971.608_4.795",0.22954,0.1642,0.15454,0.14727,0.14601
"367_587.445_5.585",1.0913,0.85922,0.79797,0.80347,0.82706
"368_400.335_5.868",0.54651,0.47255,0.44146,0.42614,0.41664
"369_387.209_4.603",0.76964,0.58499,0.54361,0.52438,0.52184
"370_339.183_5.511",0.84392,0.62299,0.61048,0.58844,0.58515
"371_317.2_5.522",0.037313,0.33974,0.31833,0.30361,0.28777
"372_605.456_5.587",1.1367,0.83752,0.7918,0.75609,0.72038
"373_355.179_3.805",0.29379,0.23491,0.52561,0.53223,0.63955
"374_359.245_5.688",0.18011,0.14279,0.2219,0.31782,0.40025
"375_285.208_6.356",0.025049,0.065027,0.11285,0.155,0.16189
"376_285.208_6.304",0.66857,0.48982,0.46183,0.43879,0.41716
"377_771.008_6.466",0.19224,0.13779,0.12796,0.12666,0.12004
"378_343.214_4.098",0.93974,0.69042,0.68288,0.64881,0.61753
"379_360.206_2.503",0.0018106,0.11568,0.10907,0.1045,0.10989
"380_655.399_4.524",3.3942,5.2546,4.9689,4.8791,4.645
"381_687.389_3.504",0.57394,0.5461,0.52495,0.99176,1.0099
"382_810.997_4.79",0.0031818,0.23022,0.2205,0.2184,0.20717
"383_387.206_3.847",0.24675,0.22107,0.23683,0.23372,0.25033
"384_687.425_5.068",0.081186,0.060956,0.057574,0.063787,0.084017
"385_388.277_3.247",0.16224,0.13226,0.13498,0.14747,0.16975
"386_691.419_3.158",0.0070181,0.034712,0.18098,0.24216,0.26168
"387_349.191_4.084",0.11986,0.08782,0.085701,0.091858,0.10953
"388_456.309_5.426",0.83981,0.83983,0.82445,0.82688,0.82396
"389_385.227_4.766",2.164,1.6268,1.5242,1.4481,1.3731
"390_331.18_3.07",0.032996,0.048187,0.045677,0.0434,0.041273
"391_597.448_9.367",0.070054,0.14492,0.13536,0.12861,0.12226
"392_331.216_5.066",0.02167,0.038906,0.037705,0.042,0.068469
"393_629.384_7.757",0.012274,0.024404,0.034693,0.047658,0.064764
"394_687.461_6.252",0.65542,0.48759,0.45383,0.43962,0.43322
"395_691.419_3.274",0.034642,0.089215,0.083536,0.080895,0.088606
"396_335.211_4.304",0.18457,0.22174,0.21082,0.20038,0.19017
"397_359.174_1.444",0.021753,0.16856,0.16116,0.15534,0.16272
"398_371.198_4.481",0.3894,0.29329,0.2779,0.26524,0.268
"399_338.222_2.507",0.042078,0.079365,0.074254,0.071684,0.086568
"400_284.282_7.982",0.0089133,0.012349,0.016265,0.01576,0.028908
"401_701.44_5.038",0.12446,0.088999,0.082924,0.078856,0.080993
"402_338.222_0.794",0.031778,0.056945,0.054447,0.054249,0.072318
"403_623.407_8.591",0.23091,0.16502,0.15655,0.14929,0.14148
"404_484.339_6.685",1.2611,1.4107,1.4025,1.4094,1.3778
"405_595.433_10.036",0.081604,0.14216,0.14838,0.14312,0.13658
"406_581.453_10.35",0.091146,0.15525,0.1458,0.13965,0.1328
"407_374.26_6.25",0.51514,0.38522,0.35808,0.34487,0.34961
"408_352.206_6.253",0.61522,0.45685,0.425,0.41419,0.40712
"409_541.459_10.108",0.032777,0.048106,0.04477,0.043278,0.042959
"410_309.207_7.543",0.31591,0.23169,0.23764,0.24988,0.24805
"411_659.429_5.276",0.21301,0.15661,0.16479,0.19319,0.26603
"412_333.195_4.588",0.057861,0.083439,0.07821,0.075793,0.083077
"413_331.18_4.092",0.072129,0.085781,0.080054,0.07643,0.074384
"414_281.176_4.837",0.90119,0.64936,0.6133,0.58558,0.56083
"415_271.228_8.32",0.093984,0.30881,0.31823,0.45952,0.53494
"416_687.389_3.813",0.51216,0.58965,1.0813,1.4068,1.437
"417_349.227_5.062",0.061784,0.075821,0.071427,0.069106,0.06856
"418_269.212_6.555",0.18164,0.13526,0.1282,0.13328,0.15082
"419_347.249_6.571",0.24468,0.23435,0.21963,0.21057,0.20359
"420_289.226_5.205",0.60867,0.68882,0.65703,0.63235,0.60911
"421_285.209_10.107",0.025341,0.05945,0.055195,0.052653,0.050311
"422_703.384_3.872",0.10391,0.15791,0.14724,0.14106,0.13418
"423_485.393_10.254",0.020857,0.033501,0.044086,0.051607,0.065961
"424_321.195_3.411",0.080748,0.090606,0.084657,0.080751,0.077312
"425_341.199_6.467",0.56483,0.40995,0.39191,0.39483,0.38601
"426_420.339_8.637",0.043175,0.053025,0.055179,0.057187,0.067505
"427_482.324_6.276",0.30628,0.27013,0.27538,0.30433,0.31367
"428_355.215_6.071",0.58491,0.43406,0.4074,0.38844,0.37105
"429_871.578_10.875",0.068395,0.07223,0.067058,0.064243,0.061187
"430_1019.785_6.341",0.11031,0.27619,0.26808,0.29096,0.28621
"431_635.467_8.201",0.032756,0.025868,0.06232,0.076457,0.094692
"432_531.436_10.081",0.026341,0.028608,0.046137,0.056636,0.081718
"433_631.47_6.13",0.92462,1.9648,2.6471,2.5559,2.901
"434_229.178_7.544",0.026376,0.055217,0.051385,0.049998,0.050755
"435_281.176_4.795",0.075645,0.14134,0.13127,0.12496,0.11965
"436_581.452_9.9",0.10108,0.19953,0.18897,0.18115,0.17433
"437_342.233_6.814",0.10641,0.45339,0.4479,0.43362,0.41512
"438_577.422_10.507",0.23096,0.1731,0.16091,0.15374,0.14925
"439_609.451_8.692",0.020229,0.024685,0.055959,0.06367,0.080024
"440_353.163_3.052",0.028222,0.052567,0.048859,0.048119,0.048478
"441_372.245_2.505",0.044774,0.063528,0.061133,0.061561,0.07014
"442_609.449_10.362",0.26024,0.18598,0.17545,0.16846,0.16103
"443_655.398_7.225",0.089082,0.096918,0.090351,0.085979,0.081552
"444_273.244_7.251",0.039009,0.066976,0.062162,0.059083,0.057463
"445_639.403_7.844",0.12883,0.094524,0.088956,0.086473,0.084239
"446_604.53_10.109",0.063029,0.10196,0.10004,0.095045,0.095078
"447_655.398_5.516",0.16068,0.12298,0.17192,0.20615,0.23963
"448_271.191_4.835",0.65269,0.47017,0.44535,0.42439,0.40428
"449_353.199_6.507",0.10406,0.10371,0.097039,0.092181,0.088425
"450_631.47_5.285",0.87677,1.5796,1.4716,1.4279,1.377
"451_609.449_10.63",0.34338,0.2623,0.26447,0.31895,0.30393
"452_303.219_4.096",0.077312,0.066098,0.062016,0.06175,0.058527
"453_385.227_4.576",0.80054,0.59514,0.55761,0.53094,0.50483
"454_397.191_4.26",0.22541,0.16824,0.16318,0.15517,0.15283
"455_371.21_4.563",0.016082,0.056254,0.058435,0.10121,0.10623
"456_387.206_5.388",0.078942,0.088259,0.082531,0.078779,0.074958
"457_735.409_3.854",0.054565,0.12905,0.13119,0.12732,0.12081
"458_149.109_6.886",0.25923,0.42157,0.39479,0.4152,0.41369
"459_573.465_7.323",0.26981,0.22099,0.22175,0.21088,0.20678
"460_345.231_4.439",0.12959,0.16968,0.17284,0.204,0.21236
"461_347.212_5.192",0.11084,0.1656,0.15395,0.14656,0.13918
"462_347.212_5.172",0.070409,0.16338,0.15509,0.15067,0.14434
"463_617.383_7.638",0.066785,0.081196,0.0759,0.072603,0.069399
"464_269.212_7.104",0.19987,0.15233,0.15051,0.1431,0.14159
"465_522.389_6.688",0.23369,0.36132,0.34955,0.34681,0.36318
"466_397.335_6.515",0.09668,0.092628,0.085992,0.081688,0.077715
"467_374.26_2.346",0.077749,0.086578,0.081577,0.078515,0.076928
"468_478.292_5.429",0.077518,0.065099,0.08352,0.10394,0.10985
"469_369.159_3.417",0.048282,0.082772,0.076866,0.073263,0.072177
"470_322.227_0.628",0.084338,0.091852,0.086094,0.082295,0.078764
"471_491.442_10.779",0.068716,0.080781,0.076261,0.073821,0.074939
"472_595.433_9.758",0.071392,0.084278,0.078433,0.074524,0.071182
"473_215.161_6.88",0.32305,0.46563,0.43222,0.42512,0.41643
"474_311.186_5.297",0.011154,0.034,0.033448,0.034316,0.051608
"475_333.232_6.083",0.029827,0.068571,0.063822,0.060662,0.057822
"476_345.233_5.026",0.075578,0.084763,0.079181,0.075317,0.071429
"477_583.426_8.527",0.037858,0.050512,0.049096,0.048878,0.048574
"478_791.475_8.519",0.067743,0.062513,0.067961,0.070373,0.071726
"479_267.196_5.036",0.029525,0.050943,0.048309,0.045893,0.050152
"480_410.283_0.836",0.10221,0.19067,0.18036,0.17535,0.16819
"481_375.188_0.953",0.092,0.096079,0.089734,0.086032,0.082778
"482_385.227_5.333",0.37433,0.97178,1.0308,1.0164,0.98293
"483_161.109_5.289",0.37574,0.56861,0.52817,0.51205,0.49298
"484_542.347_5.674",0.047898,0.042353,0.068707,0.086747,0.096323
"485_373.226_4.171",0.079381,0.15039,0.15179,0.14575,0.14728
"486_362.26_4.781",0.097129,0.076102,0.072338,0.08028,0.090073
"487_367.216_6.932",0.19091,0.13644,0.13689,0.1373,0.16649
"488_388.277_6.568",0.069207,0.080914,0.075842,0.072553,0.06876
"489_300.279_4.968",0.089253,0.098904,0.091998,0.087485,0.083156
"490_601.425_8.576",0.08741,0.093834,0.087671,0.083551,0.079188
"491_383.211_5.183",0.60686,0.51933,0.59157,0.56218,0.75487
"492_715.42_4.268",0.089543,0.096343,0.089908,0.08555,0.081074
"493_671.393_4.579",0.035086,0.10741,0.10939,0.11061,0.10649
"494_480.341_6.6",0.097558,0.083793,0.078798,0.074873,0.073152
"495_381.196_5.935",0.0065945,0.057869,0.05405,0.051474,0.050991
"496_309.207_7.333",0.018335,0.11647,0.10861,0.10812,0.16396
"497_213.145_5.292",0.33054,0.45815,0.42528,0.41163,0.39639
"498_685.409_4.762",0.015867,0.078991,0.078677,0.11151,0.10644
"499_313.205_3.543",0.086592,0.093725,0.08772,0.083696,0.079747
"500_374.26_1.361",0.082833,0.092234,0.086073,0.081961,0.077811
"501_362.26_2.735",0.071038,0.10748,0.10131,0.099698,0.1017
"502_361.228_5.827",0.14372,0.21062,0.197,0.18927,0.18028
"503_404.272_2.204",0.07458,0.084497,0.079795,0.077315,0.075946
"504_376.24_0.71",0.085029,0.081161,0.080453,0.080731,0.076852
"505_163.124_6.881",0.26244,0.34709,0.3222,0.31386,0.30399
"506_331.205_4.506",0.1076,0.10782,0.10066,0.096783,0.0918
"507_377.297_6.972",0.47862,0.64158,0.61734,0.60156,0.5793
"508_476.276_5.243",0.081357,0.092156,0.08592,0.081883,0.077606
"509_201.144_6.881",0.24354,0.31841,0.29561,0.28776,0.27845
"510_371.196_5.42",0.075373,0.075581,0.071113,0.06759,0.064225
"511_301.204_3.135",0.23293,0.30567,0.28375,0.27518,0.26632
"512_538.421_7.191",0.084579,0.091942,0.08626,0.08256,0.079253
"513_206.12_0.251",0.40846,0.3069,0.3143,0.30485,0.29378
"514_473.313_5.585",0.83985,0.61232,0.78052,0.85027,0.9621
"515_329.2_4.838",0.08233,0.077076,0.084853,0.092267,0.089129
"516_667.434_6.446",0.094099,0.10992,0.10245,0.097368,0.092285
"517_337.167_5.14",0.4695,0.58008,0.61725,0.62783,0.5959
"518_367.216_6.448",0.098095,0.19457,0.35959,0.44285,0.50633
"519_641.475_10.003",0.090787,0.097251,0.090748,0.086346,0.081828
"520_362.261_5.061",0.064288,0.079067,0.073786,0.070352,0.066952
"521_601.425_6.741",0.11147,0.12746,0.1183,0.11262,0.10781
"522_369.232_6.761",0.14497,0.15816,0.15053,0.14449,0.13859
"523_563.442_11.591",0.044288,0.066851,0.062202,0.05948,0.0622
"524_378.256_3.803",0.09713,0.12988,0.13671,0.13062,0.1255
"525_627.439_6.377",0.18597,0.13324,0.56031,0.70528,0.76452
"526_369.231_6.914",0.33536,0.63834,0.91565,0.92702,1.1868
"527_715.42_4.769",0.33699,0.49292,0.52987,0.50387,0.49752
"528_378.256_3.714",0.12047,0.11066,0.10375,0.099449,0.10392
"529_397.191_4.683",0.077302,0.086441,0.081046,0.077702,0.073638
"531_343.214_3.957",0.10794,0.09873,0.091727,0.087527,0.082953
"533_301.204_3.332",0.13048,0.43545,0.42836,0.42979,0.41482
"534_367.216_6.744",0.12964,0.11714,0.11033,0.1083,0.12236
"535_871.579_11.515",0.12041,0.13642,0.13064,0.13947,0.16028
"536_428.367_6.62",10.399,9.541,8.8612,8.4175,7.9796
"537_655.398_4.792",1.3661,2.1768,2.034,1.9386,2.0703
"538_655.398_4.774",0.38354,2.2358,2.1334,2.0557,1.9498
"539_319.215_4.646",4.488,3.2305,3.0945,2.9404,2.8013
"540_301.204_4.64",1.7005,1.2306,1.1743,1.1206,1.1018
"541_971.608_4.779",0.21084,0.36815,0.36949,0.36484,0.34652
"542_339.183_5.07",1.6397,1.2386,1.1506,1.1323,1.1131
"543_953.757_7.458",0.13642,0.10269,0.095334,0.093492,0.12157
"544_341.199_5.242",0.21096,0.1914,0.17782,0.33828,0.43367
"545_975.739_7.473",0.43436,0.4435,0.41999,0.40096,0.38208
"546_283.192_6.466",0.39989,0.28703,0.28031,0.28639,0.29715
"547_285.208_5.025",0.15177,0.11816,0.11078,0.10538,0.1558
"548_341.198_4.387",1.0033,2.1091,1.9788,1.8809,1.8163
"549_319.215_4.35",0.026908,0.3781,1.0466,1.6605,1.6052
"550_385.207_4.365",0.082635,0.070464,0.091861,0.11422,0.12306
"551_719.379_2.898",0.070028,0.065023,0.06187,0.058838,0.056597
"552_659.429_4.557",0.77258,1.5978,1.5289,1.7191,1.8238
"553_691.419_3.541",0.0036518,0.19747,0.19497,0.19302,0.18568
"554_303.22_3.83",0.44361,0.46035,0.42866,0.4072,0.44133
"555_685.409_4.864",0.089769,0.11576,0.11018,0.10815,0.10685
"556_565.458_11.287",0.08059,0.091629,0.085266,0.081075,0.076839
"557_381.195_5.46",0.015664,0.029395,0.045744,0.044172,0.045177
"558_673.409_4.621",0.1043,0.097297,0.09128,0.087994,0.083668
"559_600.498_10.51",0.071365,0.086084,0.08023,0.076558,0.072552
"560_327.219_5.888",0.16186,0.77209,0.84071,0.79912,0.93837
"561_582.472_8.057",0.078796,0.086023,0.081584,0.078795,0.077889
"562_751.442_4.079",0.074903,0.083744,0.078679,0.075591,0.071665
"563_180.076_5.633",0.091533,0.16914,0.15704,0.15064,0.14358
"564_593.417_9.686",0.048434,0.064456,0.061552,0.061286,0.058102
"565_374.261_1.755",0.088942,0.094552,0.088417,0.084229,0.079829
"566_337.167_5.425",0.31553,0.32039,0.34611,0.33004,0.32387
"567_355.215_6.262",6.6861,5.0105,4.7915,4.6828,4.4378
"568_357.194_3.541",0.59327,0.74911,0.79487,0.79259,0.75949
"569_396.286_6.054",0.2412,0.18991,0.18409,0.19545,0.19499
"570_385.227_4.602",0.048769,0.11569,0.10799,0.10356,0.098144
"571_752.562_12.166",0.0080241,0.079229,0.088184,0.084979,0.090839
"572_347.212_4.848",0.041167,0.10551,0.10296,0.12154,0.12226
"573_774.545_12.159",0.0462,0.034463,0.044343,0.04213,0.041096
"574_577.422_10.278",0.34234,0.56206,0.61398,0.6087,0.61856
"575_887.574_10.686",0.059095,0.048691,0.070559,0.088924,0.09458
"576_331.216_6.512",0.1101,0.10633,0.099605,0.094835,0.093828
"577_369.231_6.077",0.23628,0.31159,0.28919,0.2797,0.26885
"578_601.48_10.535",0.22926,0.19732,0.21784,0.2071,0.19693
"579_490.37_5.68",0.016663,0.1043,0.097574,0.09549,0.093677
"580_689.404_3.699",0.16617,0.17683,0.17334,0.1658,0.15784
"581_747.484_5.032",0.09738,0.10079,0.094493,0.090302,0.11398
"582_357.195_3.684",0.069886,0.15147,0.18257,0.18201,0.18232
"583_349.191_2.502",0.45806,0.33105,0.31441,0.29996,0.2939
"584_341.199_4.219",0.18365,0.30843,0.28639,0.27332,0.25969
"585_349.192_2.756",0.12591,0.10712,0.10028,0.095869,0.10767
"586_341.199_3.329",0.029348,0.3363,0.3381,0.33458,0.32477
"587_303.219_4.499",0.49042,0.85047,0.7933,0.76069,0.7249
"588_798.569_6.286",0.083621,0.093077,0.08679,0.082616,0.078295
"589_520.364_5.672",0.089997,0.096805,0.090312,0.085958,0.081499
"590_333.232_6.073",0.4258,0.30789,0.2889,0.27675,0.26264
"591_373.226_4.166",0.025901,0.056851,0.053079,0.051156,0.06237
"592_363.208_3.439",0.11089,0.096224,0.08972,0.085229,0.080828
"593_174.091_0.248",0.088528,0.063363,0.059915,0.05769,0.060255
"594_347.248_4.643",0.16273,0.18525,0.17194,0.16705,0.16022
"595_311.223_6.871",0.13646,0.14434,0.13794,0.13845,0.13251
"596_363.246_3.261",0.066312,0.049577,0.050858,0.048375,0.055489
"597_383.211_4.979",0.12227,0.24006,0.34414,0.41792,0.46887
"598_317.2_4.52",3.4867,5.3795,5.0458,5.1708,5.0006
"599_627.439_5.802",0.75106,0.54926,0.7237,0.75171,0.79819
"600_628.461_6.102",0.23451,0.17809,0.19648,0.18695,0.18719
"601_322.194_5.802",0.56466,0.42085,0.53053,0.56075,0.59396
"602_385.227_4.909",0.30681,0.28535,0.4107,0.41939,0.55888
"603_344.343_6.778",0.13657,0.14001,0.17538,0.27895,0.27553
"604_473.313_5.802",0.34962,0.26818,0.31195,0.34384,0.37976
"605_476.337_6.103",0.32607,0.24178,0.28623,0.28864,0.29115
"606_487.302_4.874",0.4694,0.54262,0.58287,0.55432,0.54021
"607_267.196_5.801",0.33446,0.25412,0.29244,0.32787,0.36531
"608_357.195_4.105",0.21065,0.17463,0.17933,0.20802,0.24945
"609_328.253_4.993",0.19192,0.16375,0.16672,0.16384,0.1601
"610_287.224_7.444",0.32335,0.2373,0.25835,0.25904,0.37878
"611_301.204_5.891",0.38333,0.44357,0.51187,0.48633,0.46866
"612_385.227_5.39",0.45839,0.70093,0.81989,0.93183,1.4415
"613_289.24_7.574",0.15948,1.5914,1.8175,1.7279,1.9858
"614_631.469_5.921",0.2832,0.22192,0.33142,0.33728,0.41989
"615_301.204_6.762",0.52814,3.7499,3.4811,4.1203,3.9329
"616_325.203_6.374",0.25921,0.21467,1.1872,1.4228,1.468
"617_269.212_6.106",0.29851,0.22168,0.31656,0.33053,0.43463
"618_363.244_4.911",0.03791,0.35782,0.36119,0.35056,0.44767
"619_271.228_7.49",0.060054,0.24295,0.30816,0.29274,0.34534
"620_321.231_4.389",0.14299,0.13653,0.22005,0.21029,0.2384
"621_355.179_3.336",0.21523,0.1546,0.2041,0.50346,0.50636
"622_343.214_5.705",0.17022,0.22716,0.21148,0.20103,0.19142
"623_440.251_6.333",0.14929,0.30482,0.29872,0.29797,0.30993
"624_317.2_5.666",1.0898,1.2429,1.3705,1.314,1.2665
"625_369.224_6.684",0.080034,0.16636,0.22719,0.21664,0.24819
"626_857.521_6.747",0.1069,0.099715,0.09268,0.088483,0.083872
"627_467.272_5.293",0.1354,0.1,0.094554,0.090938,0.087812
"628_367.216_6.6",0.23357,0.17973,0.18819,0.19734,0.25878
"629_273.244_7.348",0.035166,0.13598,0.17286,0.16438,0.18564
"630_401.222_4.284",0.10413,0.097635,0.090622,0.08622,0.081728
"631_257.212_5.804",0.1027,0.10517,0.098325,0.093471,0.08974
"632_309.208_7.453",0.102,0.10431,0.097498,0.092729,0.088337
"633_655.398_4.095",0.361,0.4272,0.46786,0.44762,0.44945
"634_687.461_5.985",0.10811,0.10427,0.098017,0.093114,0.088326
"635_659.429_3.667",0.10223,0.10481,0.09792,0.093057,0.089216
"636_299.188_6.356",0.10205,0.091779,0.085207,0.080941,0.076795
"637_323.187_6.748",0.082729,0.21756,0.20302,0.30716,0.31017
"638_341.199_3.649",0.2889,0.20989,0.24379,0.28438,0.33683
"639_341.198_4.868",0.17561,0.14501,0.14471,0.13867,0.14731
"640_871.579_11.969",0.097345,0.1047,0.099138,0.09427,0.089833
"641_359.21_4.155",0.09954,0.10813,0.14079,0.13505,0.1605
"642_343.214_4.392",0.042047,0.38342,0.462,0.4411,0.49196
"643_305.235_7.212",0.10597,0.10413,0.097812,0.092918,0.088733
"644_703.456_4.893",0.10226,0.086365,0.084007,0.081466,0.086432
"645_834.647_11.161",0.087532,0.082836,0.081596,0.082002,0.079875
"646_641.418_5.669",0.11382,0.1098,0.10681,0.10235,0.099162
"647_345.232_4.904",0.12683,0.11231,0.1069,0.10449,0.10942
"648_357.196_3.787",0.087288,0.080691,0.07811,0.077608,0.073758
"649_361.228_4.278",0.13912,0.10002,0.10286,0.097749,0.092637
"650_611.459_10.453",0.15166,0.12068,0.12425,0.12143,0.12106
"651_192.103_0.237",0.17134,0.15312,0.14398,0.1415,0.1392
"652_311.223_7.565",0.060996,0.051898,0.072295,0.06868,0.084336
"653_399.207_4.233",0.094637,0.090792,0.088039,0.084469,0.080176
"654_529.311_4.289",0.27553,0.25813,0.271,0.25792,0.25397
"655_489.317_4.288",0.32666,0.34116,0.37307,0.35451,0.34566
"656_655.398_5.666",1.0187,1.1305,1.2656,1.2106,1.1696
"657_389.186_4.363",0.18437,0.15895,0.14762,0.14032,0.13344
"658_527.295_5.009",0.11827,0.097093,0.090138,0.087027,0.083786
"659_583.469_10.276",0.058278,0.042259,0.062359,0.064738,0.064372
"660_371.174_2.953",0.13639,0.10083,0.10473,0.099709,0.099037
"661_371.174_2.823",0.043585,0.032602,0.030483,0.074607,0.093133
"662_399.207_5.249",0.18472,0.1325,0.12892,0.12688,0.12511
"663_627.439_5.947",0.14096,0.12073,0.11375,0.1121,0.13411
"664_363.244_5.377",0.12921,0.51127,0.52509,0.4988,0.55752
"665_685.467_9.239",1.0498,1.3403,1.2747,1.2299,1.1763
"666_385.226_5.517",0.10586,0.10567,0.099261,0.094317,0.089853
"667_356.287_7.361",0.10096,0.10407,0.097196,0.09233,0.088081
"668_609.488_6.098",0.072129,0.056578,0.077033,0.073179,0.099305
"669_659.429_3.801",0.10692,0.10644,0.099747,0.095177,0.092662
"670_309.208_7.426",0.1091,0.10612,0.098913,0.094249,0.093659
"671_349.264_6.227",0.13222,0.15573,0.14909,0.16306,0.17466
"672_369.195_4.761",0.29431,0.27419,0.39452,0.41243,0.4368
"673_323.188_5.229",0.14363,0.11713,0.11068,0.10934,0.13791
"674_399.207_4.366",0.10833,0.10395,0.0965,0.091699,0.086945
"675_659.429_4.977",0.25143,0.17971,0.17038,0.18658,0.31819
"676_687.391_4.741",0.3995,0.41507,0.43647,0.42215,0.42198
"677_487.299_3.603",0.19843,0.1576,0.1701,0.16169,0.15741
"678_1031.615_4.875",0.14579,0.10444,0.10342,0.098543,0.095357
"679_427.278_4.165",0.13844,0.10033,0.099129,0.094193,0.089852
"680_411.283_3.605",0.14489,0.10369,0.10511,0.09987,0.095358
"681_919.676_6.532",1.0344,1.6653,1.6027,1.5789,1.544
"682_445.289_4.165",0.12506,0.096256,0.09154,0.087001,0.082655
"683_397.191_5.051",0.15395,0.11121,0.10434,0.10277,0.10812
"684_897.694_6.544",0.57099,0.8969,0.86181,0.83732,0.82008
"685_397.191_5.177",0.229,0.1716,0.16568,0.16486,0.17384
"686_747.411_3.891",0.1008,0.10092,0.093955,0.089406,0.084729
"687_429.294_3.605",0.11817,0.095308,0.089695,0.085216,0.080768
"688_405.255_5.858",0.10547,0.099226,0.092178,0.087788,0.083218
"689_713.405_4.127",0.16877,0.12465,0.14219,0.13566,0.12862
"690_502.29_4.996",0.054331,0.049373,0.056769,0.061,0.062779
"691_793.529_6.399",0.10057,0.10101,0.094048,0.089492,0.08481
"692_388.277_1.217",0.10585,0.098281,0.091226,0.086797,0.082282
"693_465.316_3.604",0.10774,0.097111,0.090205,0.085726,0.081257
"694_375.208_3.858",0.13103,0.096293,0.094909,0.09016,0.085508
"695_469.288_4.319",0.10125,0.10074,0.093757,0.089221,0.084555
"696_469.288_4.563",0.11523,0.095567,0.089357,0.084924,0.080499
"697_463.301_4.164",0.10292,0.099406,0.092281,0.087698,0.083166
"698_299.188_3.887",0.14855,0.10621,0.11137,0.1058,0.10084
"699_633.415_5.656",0.22977,0.20528,0.24677,0.23543,0.22415
"700_439.203_5.209",0.10066,0.10107,0.093906,0.089215,0.084771
"701_385.191_3.194",0.149,0.10648,0.10944,0.10399,0.098905
"702_301.204_4.86",0.19917,0.28696,0.27209,0.271,0.29524
"703_406.288_0.462",0.11107,0.09671,0.089938,0.085482,0.081014
"704_617.474_9.534",0.12849,0.096457,0.093263,0.088595,0.083971
"705_713.405_6.197",0.18753,0.14263,0.1534,0.1462,0.14194
"706_359.212_5.573",0.21196,0.17773,0.21602,0.20686,0.19617
"707_745.576_9.883",0.099943,0.10062,0.093691,0.089194,0.084527
"708_647.395_5.803",0.10467,0.098706,0.091614,0.087108,0.082575
"709_611.428_9.284",0.23512,0.2228,0.26529,0.25256,0.24075
"710_617.474_9.39",0.13058,0.097928,0.094811,0.090066,0.085362
"711_301.204_4.977",0.10196,0.083554,0.10098,0.11726,0.11474
"712_729.436_7.916",0.10152,0.099832,0.092795,0.088287,0.083669
"713_625.444_9.611",0.11297,0.093326,0.086925,0.083062,0.079576
"714_691.422_6.291",0.11946,0.094596,0.08987,0.08537,0.080907
"715_281.177_3.891",0.12241,0.095025,0.092211,0.087756,0.083425
"716_715.42_5.536",0.11045,0.096291,0.090032,0.085577,0.081401
"717_412.281_5.625",0.098337,0.085572,0.079501,0.075878,0.072163
"718_385.191_3.564",0.10247,0.098737,0.091783,0.087475,0.08294
"719_617.474_9.697",0.10836,0.097027,0.090202,0.085695,0.081266
"720_504.339_5.558",0.14461,0.17091,0.16112,0.15885,0.15788
"721_659.487_9.898",0.1108,0.096324,0.089838,0.085339,0.080968
"722_575.463_9.376",0.10389,0.098776,0.091685,0.08716,0.082619
"723_725.556_10.437",0.10139,0.10213,0.095158,0.090415,0.086022
"724_691.42_1.612",0.10814,0.097372,0.090449,0.085978,0.081511
"725_262.238_3.352",0.35663,0.36636,0.37854,0.36905,0.3832
"726_262.238_3.339",0.30959,0.256,0.32615,0.31868,0.30412
"727_374.26_0.752",0.1014,0.10031,0.09316,0.08852,0.083993
"728_691.422_6.466",0.10675,0.097869,0.090854,0.086371,0.08188
"729_353.164_4.203",0.10038,0.1008,0.093745,0.089156,0.084522
"730_383.211_5.589",0.14127,0.13527,0.12822,0.13276,0.14433
"731_345.196_5.208",0.17926,0.17647,0.17465,0.20542,0.20543
"732_597.448_9.831",0.10984,0.12701,0.11788,0.11199,0.10682
"733_373.189_3.076",0.028732,0.020979,0.045323,0.044347,0.047653
"734_779.513_5.433",0.12468,0.097392,0.0909,0.087219,0.083573
"735_397.191_4.101",0.075805,0.061068,0.056868,0.057,0.055071
"736_397.191_5.344",0.11344,0.10515,0.098002,0.093533,0.088978
"737_583.469_10.85",0.1068,0.098635,0.091861,0.087426,0.083663
"738_333.196_4.502",0.10413,0.098244,0.091214,0.086825,0.082285
"739_315.185_5.156",0.029493,0.033285,0.085186,0.10994,0.10874
"740_315.184_5.419",0.20518,0.16662,0.18158,0.1731,0.16949
"741_691.422_5.998",0.15859,0.11369,0.11615,0.11092,0.10732
"742_713.405_6.003",0.12956,0.098743,0.092918,0.08927,0.086302
"743_655.399_6.434",0.11607,0.096379,0.091607,0.087315,0.08359
"744_397.191_3.806",0.13436,0.098047,0.098974,0.094274,0.08941
"745_559.516_11.117",0.10495,0.075053,0.11212,0.14922,0.16435
"746_335.211_5.606",0.10697,0.097241,0.090272,0.085838,0.081347
"747_345.196_3.445",0.11204,0.09591,0.089586,0.085101,0.080705
"748_335.195_3.327",0.089641,0.09598,0.089255,0.084801,0.081005
"749_315.221_6.099",0.082628,0.090744,0.084533,0.08056,0.076353
"750_357.194_3.27",0.16617,0.22087,0.23967,0.2651,0.27113
"751_723.52_9.443",0.10358,0.098969,0.091867,0.087323,0.082783
"752_309.207_7.283",0.088647,0.090731,0.084313,0.080224,0.076039
"753_262.238_3.402",0.47924,0.59105,0.67162,0.63822,0.63892
"754_387.206_3.762",0.071385,0.12441,0.11789,0.13816,0.13525
"755_285.208_3.728",0.0079861,0.12841,0.12929,0.12288,0.15416
"756_513.425_10.763",0.54952,0.49359,0.48676,0.47202,0.48739
"757_715.42_5.752",0.10088,0.10013,0.093074,0.088515,0.083891
"758_397.191_3.616",0.14015,0.10113,0.10662,0.10213,0.097761
"759_371.174_2.202",0.099797,0.10126,0.094147,0.089467,0.084887
"760_305.235_5.02",0.15181,0.16327,0.15625,0.15892,0.15327
"761_341.199_5.066",0.27822,0.20165,0.24649,0.25915,0.26834
"762_747.483_4.91",0.12594,0.09248,0.10156,0.10403,0.13174
"763_585.449_10.313",0.12173,0.10602,0.10222,0.098018,0.094025
"764_319.216_5.276",0.2891,0.21319,0.22791,0.25069,0.34786
"765_747.483_5.39",0.12438,0.090945,0.096285,0.10682,0.15041
"766_301.204_4.351",0.060667,0.051611,0.97762,1.3622,1.3431
"767_659.429_4.381",0.3019,0.68611,1.5091,2.3079,2.2417
"768_659.429_5.072",0.1172,0.11041,0.10435,0.10131,0.10168
"769_703.456_4.741",0.10065,0.10152,0.09492,0.090241,0.085537
"770_347.248_6.926",0.013027,0.1572,0.19792,0.18971,0.2063
"771_378.256_3.25",0.12487,0.12602,0.11783,0.11287,0.10933
"772_650.516_10.946",0.11035,0.097195,0.090224,0.085709,0.081261
"773_299.188_5.718",0.40432,0.45155,0.50686,0.48156,0.46673
"774_701.441_5.282",0.11599,0.11035,0.10416,0.10095,0.10123
"775_203.16_5.455",0.12487,0.1199,0.11299,0.11502,0.12741
"776_613.48_10.698",0.10189,0.10128,0.094802,0.09011,0.085411
"777_359.212_6.14",0.16896,0.12623,0.14264,0.13567,0.1287
"778_719.415_3.905",0.065949,0.051871,0.076283,0.096181,0.09471
"779_271.228_7.087",0.11943,0.12558,0.11658,0.11323,0.11366
"780_271.229_7.109",0.10183,0.10794,0.10081,0.095768,0.091067
"781_715.42_6.802",0.10873,0.097073,0.090298,0.08578,0.081353
"782_427.24_6.031",0.042022,0.21306,0.22235,0.21243,0.23251
"783_205.177_5.926",0.14428,0.141,0.13087,0.12781,0.12996
"784_743.452_5.297",0.074974,0.06465,0.065782,0.062652,0.05967
"785_165.068_5.612",0.10367,0.09859,0.091547,0.087125,0.082567
"786_427.203_4.897",0.12082,0.094425,0.089555,0.085139,0.080849
"787_335.173_4.639",0.10129,0.10299,0.096444,0.091672,0.086903
"788_693.442_6.151",0.086057,0.069408,0.074257,0.070833,0.070348
"789_628.457_5.957",0.10043,0.10267,0.09583,0.091064,0.086623
"790_224.074_0.289",0.10614,0.11136,0.10402,0.098986,0.094917
"791_653.44_9.517",0.18891,0.15361,0.17713,0.1683,0.16076
"792_555.349_7.867",0.11296,0.091909,0.086002,0.082025,0.078685
"793_476.337_5.977",0.058397,0.043323,0.066626,0.06775,0.071928
"794_476.337_5.943",0.027702,0.076336,0.10691,0.10906,0.10985
"795_715.42_5.558",0.10732,0.095093,0.08826,0.084545,0.080823
"796_674.517_10.032",0.10453,0.098435,0.091361,0.086852,0.082324
"797_559.411_10.219",0.10365,0.10372,0.09692,0.092069,0.088236
"798_673.55_10.394",0.1038,0.098944,0.091836,0.087274,0.082757
"799_710.54_9.218",0.1122,0.094726,0.088425,0.084059,0.079685
"800_439.203_5.023",0.11524,0.095089,0.089146,0.084702,0.080273
"801_591.474_11.797",0.14444,0.12044,0.1137,0.11247,0.13884
"802_203.161_5.351",0.10207,0.10137,0.094343,0.089651,0.08512
"803_555.349_7.988",0.10118,0.098946,0.091974,0.087565,0.083004
"804_427.239_5.776",0.057115,0.047068,0.045512,0.043454,0.054126
"805_385.191_4.191",0.32189,0.23832,0.22728,0.33328,0.35863
"806_373.226_4.883",0.1254,0.092769,0.08891,0.085152,0.083301
"807_361.225_3.577",0.10204,0.10069,0.093686,0.089162,0.084497
"808_663.46_4.39",0.057365,0.086531,0.12734,0.12097,0.14714
"809_715.493_6.921",0.10514,0.088027,0.13475,0.14613,0.22503
"810_476.337_6.127",0.086122,0.2822,0.38508,0.36687,0.47403
"811_371.21_4.975",0.10067,0.10259,0.095931,0.091156,0.086472
"812_627.439_7.08",0.11982,0.11012,0.10324,0.098872,0.10314
"814_317.294_7.156",0.11085,0.097643,0.090633,0.086134,0.081789
"815_337.227_4.187",0.025748,0.080731,0.085513,0.081461,0.11549
"816_369.195_4.954",0.00091856,0.017994,0.050727,0.084387,0.093417
"817_677.44_4.165",0.1092,0.10491,0.098235,0.09336,0.091417
"818_346.264_5.619",0.33012,0.78403,0.74801,0.71125,0.7858
"819_271.228_5.177",0.4879,0.40619,0.38222,0.37431,0.35538
"820_371.211_5.214",0.11814,0.10955,0.1027,0.098182,0.10106
"821_341.199_5.277",0.84298,0.61996,0.82781,0.82884,0.92982
"822_341.199_3.803",0.19094,0.15094,0.16725,0.16895,0.17451
"823_381.195_5.554",0.092026,0.098518,0.12299,0.11774,0.11237
"824_525.426_10.881",0.11013,0.096497,0.089903,0.085402,0.081012
"825_473.313_7.074",0.10019,0.10261,0.095798,0.09106,0.086519
"826_743.452_5.888",0.12311,0.095627,0.092333,0.087819,0.083532
"827_253.18_5.687",0.10612,0.097934,0.090909,0.086404,0.081914
"828_319.216_4.72",1.8941,2.3429,2.47,2.352,2.2375
"829_466.325_6.281",0.21262,0.31177,0.32047,0.36013,0.35221
"830_369.231_6.428",0.0028663,0.14407,0.17696,0.1765,0.17627
"831_427.24_5.813",0.02777,0.051181,0.059588,0.056808,0.079459
"832_1035.646_4.286",0.1167,0.094769,0.089142,0.084702,0.080271
"833_747.411_3.445",0.12168,0.094731,0.090597,0.086062,0.081567
"834_771.412_4.137",0.11442,0.094508,0.088246,0.084052,0.079828
"835_1385.879_6.716",0.10633,0.098204,0.091255,0.086698,0.082472
"836_299.188_5.327",0.10899,0.097224,0.090624,0.08613,0.082019
"837_951.623_3.615",0.1024,0.098999,0.092043,0.087724,0.083167
"838_739.421_5.561",0.1154,0.096203,0.090521,0.085998,0.081604
"839_743.452_5.993",0.56501,0.60377,0.69808,0.66337,0.66569
"840_552.294_0.589",0.10623,0.098215,0.091254,0.086693,0.082448
"841_391.204_4.833",0.10783,0.097124,0.090233,0.085741,0.081283
"842_285.135_6.138",0.10702,0.097442,0.090487,0.085987,0.081516
"843_299.188_5.409",0.11154,0.08698,0.083567,0.07941,0.075505
"844_341.2_6.151",0.10821,0.098686,0.091616,0.087082,0.082674
"845_1265.832_5.862",0.10047,0.10026,0.093322,0.088865,0.084217
"846_405.22_4.897",0.10557,0.098048,0.091007,0.08649,0.081994
"847_1287.816_5.785",0.10408,0.098798,0.091698,0.087146,0.082629
"848_413.187_4.837",0.10435,0.098368,0.091309,0.086848,0.082305
"849_482.323_7.63",0.10794,0.096895,0.090032,0.085552,0.081082
"850_399.207_4.055",0.049335,0.19055,0.29698,0.39671,0.39703
"851_732.524_9.965",0.10307,0.099158,0.092062,0.087529,0.082967
"852_587.318_3.871",0.10714,0.097225,0.090267,0.085818,0.081331
"853_416.273_1.094",0.12236,0.094786,0.090718,0.086175,0.081672
"854_381.196_5.354",0.082839,0.075156,0.070286,0.066988,0.063575
"855_416.273_0.957",0.11217,0.095661,0.08939,0.084914,0.080491
"856_1013.619_5.788",0.10602,0.09721,0.090236,0.085792,0.081303
"857_668.53_9.591",0.10091,0.10046,0.093365,0.088757,0.084151
"858_341.199_3.974",0.20602,0.17746,0.18839,0.19251,0.19009
"859_540.331_6.353",0.09985,0.10068,0.093757,0.089255,0.084585
"860_301.204_5.994",0.26271,0.2124,0.23441,0.22268,0.22522
"861_413.187_3.675",0.10519,0.097098,0.090125,0.085684,0.081202
"862_748.519_9.016",0.10134,0.099933,0.092899,0.088384,0.083762
"863_739.421_5.86",0.10885,0.096499,0.089571,0.085725,0.081611
"864_739.421_5.85",0.11555,0.094226,0.087882,0.08393,0.080445
"865_519.475_10.286",0.099876,0.10067,0.093738,0.089238,0.084569
"866_353.21_6.056",0.11625,0.099583,0.094007,0.091081,0.087296
"867_781.526_9.189",0.10346,0.099116,0.092,0.087431,0.082908
"868_561.487_10.54",0.10031,0.10036,0.09343,0.088964,0.084311
"869_357.231_7.03",0.10085,0.10056,0.093433,0.088793,0.08423
"870_981.717_7.162",0.099953,0.10119,0.094065,0.089385,0.084817
"871_647.431_7.645",0.10263,0.099465,0.092355,0.087791,0.08323
"872_355.179_4.496",0.17515,0.12551,0.13093,0.12442,0.1181
"873_635.431_6.995",0.10001,0.10063,0.093623,0.08905,0.084395
"874_457.215_4.548",0.10314,0.097434,0.090454,0.086108,0.081659
"875_327.219_6.009",0.07573,0.26831,0.26001,0.2472,0.28741
"876_634.505_9.294",0.10374,0.097022,0.090052,0.085705,0.081282
"877_355.215_6.496",0.20978,0.15522,0.14443,0.17741,0.18653
"878_533.252_7.638",0.12834,0.15684,0.1463,0.13963,0.13464
"879_715.42_4.38",0.10898,0.094664,0.087913,0.083898,0.079827
"880_643.455_9.94",0.11598,0.093758,0.088153,0.083846,0.079581
"881_617.42_6.764",0.10489,0.099333,0.092308,0.088053,0.083576
"882_617.42_6.972",0.10913,0.097821,0.090796,0.086738,0.082508
"883_317.199_3.543",0.0065938,0.054192,0.050793,0.056826,0.062796
"884_657.413_7.688",0.10256,0.099751,0.092639,0.088091,0.083514
"885_333.197_2.22",0.10053,0.10074,0.093681,0.089095,0.084464
"886_345.23_3.175",0.14372,0.10808,0.10103,0.096808,0.091915
"887_351.243_4.88",0.10493,0.096112,0.089203,0.084946,0.08064
"888_703.455_5.145",0.10032,0.10314,0.096264,0.091486,0.08701
"889_637.445_10.031",0.14201,0.10162,0.10162,0.096893,0.094225
"890_697.409_5.719",0.16625,0.12399,0.1319,0.12604,0.12599
"892_843.507_5.941",0.16046,0.11507,0.15216,0.1587,0.16543
"893_353.199_6.292",0.14936,0.12303,0.11448,0.10895,0.10739
"894_633.415_5.465",0.11959,0.095495,0.091669,0.087319,0.083197
"895_297.173_3.829",0.089207,0.074105,0.072114,0.073538,0.070154
"896_739.421_5.584",0.11708,0.10537,0.097793,0.093119,0.088429
"897_287.224_5.317",0.017345,0.1558,0.14704,0.14101,0.19839
"898_482.323_6.159",0.10097,0.10044,0.093339,0.088728,0.084128
"899_341.2_6.126",0.1031,0.099893,0.092715,0.088081,0.083824
"900_656.42_4.695",0.13784,0.099284,0.1156,0.11604,0.1182
"901_603.44_8.314",0.10485,0.098699,0.091614,0.087033,0.082586
"902_315.183_3.632",0.083294,0.079911,0.076215,0.07409,0.073454
"903_663.46_9.049",0.18571,0.23634,0.21937,0.2111,0.20177
"904_315.22_6.609",0.17557,0.12548,0.12145,0.12513,0.12923
"905_400.239_3.712",0.10826,0.10552,0.098511,0.093701,0.092109
"906_349.191_2.973",0.084388,0.092458,0.086316,0.082289,0.077984
"907_333.232_4.88",0.10445,0.09645,0.089517,0.085238,0.080892
"908_371.174_2.662",0.19755,0.27254,0.25341,0.24208,0.22985
"909_305.236_3.532",0.11332,0.1003,0.09309,0.088582,0.084068
"910_471.325_6.607",1.7523,1.9377,1.9197,1.9283,1.8983
"911_317.294_6.603",0.81595,0.84195,0.81495,0.79844,0.76764
"912_694.543_10.71",0.59225,0.48796,0.47632,0.50128,0.52305
"913_1145.626_4.143",0.11081,0.095787,0.088915,0.085233,0.081321
"914_597.448_9.686",0.10239,0.099501,0.092421,0.087904,0.083308
"915_717.62_10.72",0.10442,0.098476,0.091398,0.086869,0.082336
"916_533.252_7.644",0.12542,0.15912,0.14798,0.1408,0.13547
"917_426.295_6.813",0.077963,0.07371,0.069652,0.066197,0.065022
"918_283.192_4.703",0.092583,0.090877,0.085733,0.082194,0.078282
"919_441.219_5.214",0.084699,0.083479,0.07875,0.074864,0.070949
"920_329.235_5.695",0.025876,0.16377,0.16233,0.15429,0.18769
"921_281.176_6.214",0.12028,0.093739,0.088696,0.084408,0.080286
"922_329.234_5.177",0.21737,0.15862,0.15307,0.14838,0.14068
"923_345.196_4.184",0.11126,0.11448,0.10778,0.10521,0.10014
"924_633.416_4.789",0.48,1.0635,0.98711,0.93769,0.90056
"925_969.101_4.789",0.12507,0.089599,0.083306,0.082219,0.092124
"926_301.204_6.253",0.39552,0.28775,0.26805,0.26225,0.2593
"927_387.206_4.426",0.043657,0.045362,0.042306,0.044063,0.058099
"928_969.101_4.832",0.72989,0.53597,0.50373,0.48362,0.45838
"929_945.704_6.685",0.066869,0.071663,0.0744,0.073545,0.071254
"930_413.223_5.709",0.11677,0.11996,0.11335,0.11234,0.10736
"931_397.339_5.502",0.10856,0.10134,0.094752,0.090377,0.091593
"932_657.414_7.827",0.08773,0.094605,0.088506,0.084411,0.080321
"933_347.211_3.904",0.056139,0.07657,0.071141,0.067698,0.064922
"934_331.217_6.961",0.088899,0.08766,0.084166,0.081888,0.077672
"935_413.223_5.553",0.062023,0.08168,0.076058,0.072847,0.069045
"936_383.211_4.845",0.09944,0.10513,0.10267,0.10298,0.098536
"937_413.223_5.382",0.055588,0.07782,0.072459,0.069511,0.065875
"938_689.44_4.493",0.074073,0.06353,0.075472,0.087132,0.084866
"939_600.498_10.259",0.089506,0.091599,0.08651,0.082717,0.078569
"940_331.18_3.78",0.070389,0.16462,0.1679,0.16074,0.15377
"941_315.184_3.893",0.14148,0.13985,0.13158,0.12658,0.12168
"942_355.179_4.124",0.025967,0.043593,0.04049,0.039756,0.042096
"943_538.421_7.19",0.085317,0.092288,0.086623,0.082979,0.07964
"944_371.175_4.081",0.06478,0.08007,0.075376,0.072518,0.068724
"945_358.218_3.475",0.089006,0.086316,0.08118,0.077259,0.073892
"946_219.119_3.315",0.11476,0.13205,0.12256,0.11667,0.11088
"947_583.415_8.564",0.082002,0.090566,0.084553,0.080619,0.076416
"948_325.203_5.09",0.11364,0.1544,0.14375,0.1368,0.13105
"949_315.22_6.089",0.076853,0.089562,0.083481,0.07962,0.07546
"950_364.274_4.312",0.080641,0.07102,0.067707,0.064357,0.063557
"951_510.389_6.354",1.5135,1.1984,1.4371,1.8491,1.779
"952_971.608_4.839",0.55995,0.41014,0.38132,0.38143,0.3635
"953_301.204_5.197",0.10476,0.11498,0.11838,0.11931,0.11326
"954_349.192_4.029",0.084367,0.08599,0.08214,0.079544,0.076016
"955_719.379_2.507",0.050517,0.060832,0.057877,0.056503,0.057017
"956_689.403_3.515",0.10104,0.13025,0.12156,0.11556,0.11116
"957_672.501_10.251",0.25745,0.37941,0.35348,0.3358,0.31837
"958_175.127_6.899",0.16805,0.19571,0.18333,0.18151,0.175
"959_363.208_4.191",0.17881,0.15369,0.14717,0.17396,0.17631
"960_387.206_3.909",0.43074,0.54342,0.55192,0.5318,0.55716
"961_319.215_4.554",0.58216,1.4011,1.3483,1.4153,1.3429
"962_703.384_3.79",0.25855,0.29934,0.39862,0.37921,0.40502
"963_303.219_6.392",0.14443,0.31823,0.43182,0.5185,0.52081
"964_633.416_4.62",0.11058,0.42826,0.53075,0.53586,0.64769
"965_315.184_4.768",0.1013,0.3265,0.30618,0.44275,0.46063
"966_383.211_5.331",1.1881,1.8062,2.1169,2.2542,2.4045
"967_687.419_4.586",0.11906,0.15262,0.14165,0.14261,0.13725
"968_315.184_3.335",0.059642,0.11147,0.10694,0.4433,0.47578
"969_689.404_3.334",0.16269,0.41886,0.39004,0.44005,0.4244
"970_633.416_4.524",2.3648,3.6015,3.3712,3.4332,3.331
"971_497.306_4.557",0.0091447,0.041061,0.11703,0.13758,0.15937
"972_615.405_4.62",0.065204,0.1882,0.27568,0.29262,0.36582
"973_355.179_5.196",0.21345,0.34723,0.38792,0.38232,0.39184
"974_283.192_6.734",0.59348,0.77821,0.83597,0.79525,0.79117
"975_357.194_3.971",0.051364,0.11836,0.19799,0.18812,0.18193
"976_355.179_4.993",0.23342,0.37688,0.358,0.37401,0.37286
"977_369.232_6.294",0.022393,0.045406,0.093868,0.10769,0.11055
"978_388.277_3.408",0.061315,0.15522,0.18984,0.19416,0.19226
"979_319.215_3.723",0.05167,0.1388,0.21691,0.23457,0.28182
"980_359.21_3.118",0.037094,0.03462,0.067512,0.078208,0.089121
"981_825.659_7.463",0.17787,0.13996,0.14455,0.17042,0.16869
"982_333.195_4.336",0.051657,0.10983,0.1485,0.14535,0.15101
"983_338.223_2.628",0.046717,0.057769,0.10892,0.1441,0.13946
"984_313.205_3.365",0.068466,0.14594,0.17836,0.18305,0.18638
"985_687.389_3.335",0.051498,0.11397,0.12094,0.12465,0.11822
"986_357.194_2.915",0.019575,0.038164,0.089,0.10214,0.11251
"987_374.261_0.965",0.063298,0.057097,0.062654,0.059541,0.057728
"988_320.211_2.618",0.028497,0.091388,0.12582,0.12638,0.13308
"989_281.176_4.62",0.091261,0.14446,0.16754,0.16989,0.19132
"990_361.228_5.337",0.11655,0.21152,0.36999,0.45401,0.51436
"991_151.087_5.581",0.030425,0.052843,0.25476,0.3278,0.39273
"992_349.191_3.79",0.47506,0.74619,0.7365,0.70122,0.66686
"993_381.196_6.107",0.057126,0.14268,0.14271,0.14038,0.13358
"994_269.212_6.312",0.0043868,0.10065,0.10449,0.099259,0.12492
"995_659.43_9.055",0.10553,0.12755,0.11838,0.11365,0.1088
"996_362.26_4.623",0.17225,0.25193,0.23404,0.22752,0.21889
"997_305.236_5.906",0.1079,0.45912,0.50252,0.49027,0.50681
"998_685.408_4.588",0.051048,0.13353,0.13811,0.13275,0.12581
"999_651.367_7.159",0.045045,0.033411,0.053737,0.058465,0.059781
"1000_392.272_4.762",0.16743,0.21992,0.20571,0.20004,0.19339
"1001_379.24_4.862",0.084346,0.084345,0.080679,0.077429,0.073741
"1002_360.206_2.627",0.020398,0.047943,0.073979,0.088501,0.084571
"1003_397.191_4.43",0.00018934,0.054193,0.11455,0.13429,0.16291
"1004_705.399_3.335",0.12523,0.15831,0.14786,0.14575,0.14183
"1005_719.452_4.163",0.14556,0.19989,0.19041,0.18336,0.18014
"1006_331.216_6.428",0.037639,0.02922,0.089561,0.1164,0.1306
"1007_337.167_5.535",0.018746,0.034556,0.049632,0.047533,0.04585
"1008_392.236_0.569",0.071144,0.061779,0.074356,0.08358,0.081647
"1009_361.189_1.627",0.0060425,0.023806,0.056316,0.057036,0.054052
"1010_374.262_2.073",0.092177,0.11759,0.11281,0.14377,0.15405
"1011_374.261_1.219",0.10367,0.12112,0.1129,0.11259,0.11088
"1012_361.228_4.978",0.059089,0.047462,0.065315,0.073568,0.077432
"1013_341.199_3.035",0.11444,0.13054,0.12116,0.11521,0.10953
"1014_387.243_4.983",0.22181,0.16196,0.1566,0.15048,0.14315
"1015_331.216_6.833",0.050544,0.040906,0.058497,0.057754,0.058065
"1016_723.41_2.743",0.02082,0.074108,0.14573,0.20592,0.20773
"1017_387.206_4.265",0.10749,0.095555,0.088788,0.084432,0.080095
"1018_347.248_4.979",0.15277,0.11131,0.1048,0.10067,0.095438
"1019_361.226_2.919",0.013946,0.086674,0.090684,0.08616,0.11441
"1020_315.184_4.586",0.11776,0.21838,0.22137,0.36283,0.3948
"1021_969.102_4.62",0.1526,0.27187,0.27166,0.26289,0.27923
"1022_372.245_2.694",0.0053334,0.040718,0.099369,0.11675,0.13767
"1023_399.207_5.062",0.085274,0.081706,0.080346,0.079694,0.075734
"1024_378.255_3.516",0.20857,0.28503,0.26943,0.2655,0.26045
"1025_403.216_3.261",0.0057025,0.076661,0.083647,0.079607,0.086732
"1026_707.414_3.186",0.082126,0.076059,0.078269,0.081102,0.07817
"1027_659.429_4.715",1.7825,1.7608,1.7807,1.6916,1.6612
"1028_335.211_2.044",0.38699,0.60482,0.5847,0.59507,0.59419
"1029_381.196_6.352",0.067639,0.058727,0.058761,0.055921,0.053372
"1030_383.211_4.792",0.024013,0.033226,0.40074,0.57931,0.67275
"1031_269.212_4.806",0.23743,0.30332,0.28191,0.27705,0.27078
"1032_672.501_10.183",0.45672,0.71504,0.67506,0.64505,0.61699
"1033_369.195_4.601",0.085729,0.16398,0.17371,0.35114,0.42698
"1034_388.277_3.387",0.18338,0.30461,0.3339,0.32808,0.34261
"1035_362.259_4.522",0.1434,0.17681,0.16483,0.15878,0.15325
"1036_271.228_7.642",2.1265,2.2156,2.146,2.0901,2.0442
"1037_1103.689_5.995",0.22405,0.17228,0.1878,0.1785,0.18618
"1038_721.47_5.999",0.16115,0.11517,0.11467,0.10995,0.11522
"1039_651.367_5.423",0.15492,0.11093,0.11117,0.10663,0.1046
"1040_627.46_10.416",0.11017,0.093058,0.086689,0.08261,0.078839
"1041_355.179_4.655",0.16506,0.11825,0.12271,0.11675,0.11084
"1042_687.461_6.599",0.11863,0.092586,0.087073,0.083202,0.080087
"1043_273.207_6.598",0.11486,0.092873,0.086977,0.082901,0.079317
"1044_717.437_5.753",0.11709,0.093461,0.088038,0.083766,0.079647
"1045_255.195_6.599",0.11837,0.092481,0.086944,0.08309,0.079996
"1046_317.2_3.071",0.13862,0.099454,0.097821,0.094148,0.094271
"1047_339.183_4.266",0.085221,0.067987,0.070402,0.078402,0.076829
"1048_401.222_3.151",0.10319,0.097378,0.090402,0.086068,0.081629
"1049_317.199_2.801",0.14944,0.1068,0.10316,0.10188,0.10966
"1050_401.223_2.504",0.10373,0.096965,0.090006,0.085706,0.081311
"1051_355.179_4.401",0.061061,0.1475,0.14079,0.13384,0.13227
"1052_661.411_6.757",0.10071,0.1005,0.09352,0.089001,0.084347
"1053_1343.805_6.452",0.12328,0.093673,0.088592,0.084807,0.08201
"1054_513.337_7.3",0.12778,0.09484,0.09126,0.08698,0.083901
"1055_717.437_4.634",0.1086,0.10016,0.09298,0.088355,0.083747
"1056_374.26_6.619",0.13181,0.1231,0.11581,0.1189,0.1156
"1057_635.43_6.609",0.1035,0.099214,0.092109,0.087586,0.083027
"1058_725.405_7.322",0.099936,0.10104,0.094002,0.089405,0.084755
"1059_653.418_8.191",0.10032,0.10084,0.093787,0.089197,0.08456
"1060_643.492_10.068",0.138,0.38965,0.37602,0.3573,0.40361
"1061_335.211_3.656",0.13741,0.17935,0.16657,0.15824,0.15001
"1062_389.186_2.361",0.021387,0.054361,0.13371,0.1854,0.18564
"1063_294.266_2.266",0.1012,0.10033,0.093361,0.088899,0.08425
"1064_657.45_10.011",0.13744,0.13846,0.13303,0.14054,0.13674
"1065_160.09_0.284",0.093074,0.11323,0.10519,0.10057,0.097537
"1066_701.514_12.065",0.099918,0.24901,0.27553,0.27724,0.26277
"1068_377.224_5.582",0.10674,0.10954,0.10288,0.09935,0.09433
"1069_335.211_3.96",0.12314,0.1063,0.10508,0.099815,0.10845
"1070_337.167_5.411",0.23771,0.20288,0.22964,0.21815,0.2087
"1071_713.405_6.186",0.10229,0.0988,0.091748,0.087264,0.082699
"1072_441.219_5.836",0.15692,0.11325,0.10774,0.10397,0.099957
"1073_447.23_4.973",0.1011,0.10227,0.095542,0.09135,0.086836
"1074_713.405_5.986",0.12889,0.096885,0.092614,0.088156,0.083683
"1075_341.295_7.303",0.10987,0.09609,0.089264,0.084976,0.080665
"1076_593.417_10.093",0.10983,0.09686,0.09008,0.08562,0.081168
"1077_345.196_5.583",0.13029,0.12534,0.11971,0.11907,0.11293
"1078_297.172_4.273",0.076878,0.089607,0.083525,0.079669,0.075507
"1079_579.437_10.196",0.098173,0.10144,0.095264,0.090734,0.086066
"1080_327.219_5.032",0.31236,0.3037,0.33363,0.31763,0.30558
"1081_424.316_7.448",0.59931,0.59076,0.58658,0.57422,0.60136
"1082_301.204_4.876",0.23057,0.28042,0.3006,0.28598,0.28191
"1083_343.214_4.834",1.0967,1.5802,1.4674,1.4394,1.4099
"1084_280.25_0.704",0.10492,0.098376,0.091306,0.086825,0.082283
"1085_325.203_5.954",0.1813,0.13924,0.13386,0.14402,0.2102
"1086_343.214_5.059",0.023136,0.19163,0.22603,0.22571,0.22145
"1087_374.26_0.407",0.62566,0.69329,0.73184,0.70674,0.70238
"1088_317.2_4.075",0.52968,0.6317,0.76909,0.73673,0.69832
"1089_743.452_6.011",0.18027,0.13396,0.13903,0.13283,0.12801
"1090_655.398_4.074",0.25104,0.22324,0.28304,0.27431,0.2635
"1091_339.183_4.395",0.48875,0.4857,0.57718,0.54868,0.52075
"1092_518.33_6.64",0.10427,0.10432,0.098097,0.094344,0.089512
"1093_401.223_4.292",0.11228,0.096254,0.089857,0.085373,0.080957
"1094_339.183_5.175",0.10813,0.10769,0.10007,0.096002,0.092401
"1095_327.219_6.154",1.0662,0.9351,2.1041,1.9988,2.2479
"1096_887.574_10.845",0.011297,0.14514,0.26614,0.56557,0.59505
"1097_282.266_7.142",0.12345,0.10472,0.097395,0.093278,0.091426
"1098_269.212_5.961",0.091287,0.067973,0.078833,0.075173,0.072373
"1099_325.203_7.082",0.17769,0.15098,0.15636,0.14894,0.15406
"1100_307.251_5.176",0.16662,0.11986,0.11346,0.10912,0.10358
"1101_348.28_5.176",0.15282,0.11246,0.10554,0.1013,0.096186
"1102_613.479_10.492",0.10535,0.10456,0.097816,0.092921,0.089193
"1103_321.231_3.729",0.34515,0.85739,0.81526,0.77495,0.84884
"1104_415.346_5.136",1.5359,2.0565,2.0768,2.1087,2.1673
"1105_303.22_7.079",0.12836,0.11562,0.1088,0.1054,0.11148
"1106_323.188_5.924",0.13189,0.11712,0.1107,0.10587,0.11617
"1107_599.464_9.79",0.12237,0.11063,0.10375,0.099573,0.10596
"1108_595.433_9.682",0.13391,0.11448,0.10816,0.1053,0.12301
"1109_339.183_4.621",2.1685,4.2092,3.9344,3.7996,3.6316
"1110_303.22_4.385",0.083686,0.06028,0.083553,0.082947,0.079182
"1111_595.435_10.078",0.19775,0.16927,0.17768,0.17559,0.23511
"1112_335.211_3.93",0.17497,0.13623,0.12965,0.1347,0.18829
"1113_751.515_4.979",0.16051,0.11558,0.10926,0.1052,0.099749
"1114_667.492_3.173",0.12996,0.10241,0.095445,0.091007,0.086393
"1115_305.235_3.175",0.12707,0.1025,0.095252,0.091005,0.086307
"1116_305.235_3.776",0.13841,0.10482,0.09787,0.093824,0.088929
"1117_601.48_9.567",0.097294,0.070133,0.065521,0.062512,0.0659
"1118_305.235_3.394",0.12711,0.10254,0.095317,0.091004,0.08634
"1119_287.223_3.682",0.10439,0.099756,0.092771,0.088396,0.083771
"1120_323.247_3.787",0.10108,0.10073,0.093847,0.089389,0.084719
"1121_429.331_7.246",0.10685,0.10844,0.10094,0.096035,0.092419
"1122_303.219_3.588",0.10459,0.099797,0.092783,0.088382,0.08376
"1123_343.214_4.274",0.25457,0.18509,0.17864,0.20496,0.34889
"1124_399.207_5.582",0.22478,0.18533,0.17968,0.20734,0.19997
"1125_355.179_3.851",0.23486,0.56623,0.54126,0.56952,0.54405
"1126_319.216_3.545",0.29951,0.21968,0.21921,0.23178,0.38814
"1127_355.179_2.814",0.08135,0.075332,0.077948,0.081737,0.077959
"1128_678.548_11.499",0.13924,0.10789,0.10353,0.11545,0.15166
"1129_362.26_3.75",0.063308,0.046127,0.048889,0.046591,0.055053
"1130_522.389_6.671",0.08742,0.10684,0.099384,0.094737,0.090709
"1131_269.212_5.008",0.12234,0.10505,0.097642,0.092757,0.088786
"1132_299.189_3.903",0.11272,0.096045,0.089537,0.08509,0.08068
"1133_373.19_4.638",0.10821,0.10887,0.10211,0.09769,0.092626
"1134_376.29_6.673",0.026651,0.035314,0.12442,0.1705,0.19892
"1135_345.196_5.784",0.35948,0.27352,0.28337,0.28104,0.31317
"1136_285.208_4.698",0.27765,0.20458,0.21211,0.20655,0.32213
"1137_341.199_3.551",0.166,0.13937,0.14072,0.13494,0.14739
"1138_377.224_5.784",0.17592,0.14888,0.14506,0.14028,0.14282
"1139_343.214_4.627",0.0144,0.35863,0.36563,0.35287,0.52527
"1140_627.438_5.441",0.12252,0.11823,0.1136,0.10943,0.106
"1141_659.429_3.536",0.16594,0.1333,0.12602,0.13021,0.17806
"1142_289.24_7.491",0.35215,0.3958,0.37901,0.3676,0.36222
"1143_473.313_5.429",0.13578,0.1177,0.11068,0.10711,0.12659
"1144_659.429_3.985",0.13693,0.11694,0.11091,0.10654,0.12377
"1145_396.198_5.784",0.13279,0.12007,0.11404,0.10864,0.10794
"1146_321.231_4.656",0.77061,1.7763,1.6814,1.6158,1.8949
"1147_975.739_7.403",0.51153,0.7702,0.72643,0.70489,0.68914
"1148_857.65_6.956",0.11673,0.10093,0.093687,0.089043,0.086215
"1149_339.183_3.255",0.13593,0.12195,0.11794,0.11228,0.11579
"1150_360.244_4.988",0.11363,0.10549,0.098931,0.094178,0.094869
"1151_663.46_4.288",0.1128,0.10638,0.099688,0.094874,0.094963
"1152_663.46_4.644",0.010242,0.1583,0.15804,0.15069,0.19622
"1153_595.448_7.337",0.13813,0.11863,0.11185,0.10952,0.1275
"1154_417.218_4.162",0.13396,0.12373,0.1176,0.11276,0.10966
"1155_305.233_5.593",1.0312,2.2866,2.173,2.0673,2.2711
"1156_413.335_4.322",0.11,0.10546,0.098745,0.093874,0.092414
"1157_361.228_5.188",0.10982,0.1055,0.098772,0.093899,0.092402
"1158_641.418_5.243",0.10706,0.10462,0.097862,0.092978,0.090294
"1159_313.168_5.784",0.11536,0.1114,0.10479,0.099837,0.095927
"1160_357.194_2.784",0.12368,0.10994,0.10343,0.099154,0.10694
"1161_643.434_5.009",0.10874,0.10512,0.098385,0.093502,0.091486
"1162_431.346_4.322",0.10591,0.10431,0.097537,0.092657,0.089508
"1163_595.448_7.43",0.11488,0.10832,0.10142,0.096746,0.097718
"1164_691.42_3.935",0.11549,0.10772,0.10066,0.096255,0.099566
"1165_449.32_7.33",0.10423,0.1047,0.097569,0.092718,0.089598
"1166_605.417_9.75",0.12549,0.12571,0.11975,0.12122,0.11619
"1167_415.35_5.499",0.10424,0.10381,0.097026,0.092168,0.088487
"1168_273.244_7.425",0.25906,0.23129,0.30106,0.51149,0.51138
"1169_287.224_5.612",0.81667,1.7989,1.7092,1.6255,1.7766
"1170_592.44_7.331",0.10077,0.10359,0.09654,0.091709,0.087492
"1171_703.456_5.274",0.1076,0.10474,0.097998,0.093113,0.090611
"1172_687.46_5.519",0.10536,0.10425,0.09746,0.092581,0.089278
"1173_364.239_3.312",0.10071,0.10269,0.095888,0.091135,0.086659
"1174_637.481_11.185",0.12464,0.12349,0.11756,0.11777,0.11238
"1175_673.409_3.502",0.10168,0.10359,0.096712,0.091885,0.08767
"1176_632.525_10.606",0.10995,0.11159,0.10516,0.10243,0.097453
"1177_541.475_6.86",0.013973,0.15843,0.18965,0.19134,0.18811
"1178_434.321_6.988",0.1048,0.10403,0.097239,0.09237,0.088863
"1179_378.255_3.914",0.09607,0.091153,0.088026,0.085458,0.081055
"1180_417.218_4.42",0.10663,0.11071,0.10384,0.1002,0.095114
"1181_320.247_5.715",0.10057,0.10324,0.096356,0.091567,0.087131
"1182_331.18_3.88",0.17432,0.31791,0.30502,0.30038,0.28616
"1183_335.211_2.256",0.37156,0.56997,0.54947,0.55528,0.55665
"1184_602.514_10.541",0.10781,0.09684,0.089886,0.085587,0.081203
"1185_743.452_5.189",0.12063,0.11135,0.1051,0.099864,0.10182
"1186_627.438_5.363",0.16917,0.14514,0.1421,0.13508,0.15914
"1187_695.451_4.157",0.1072,0.10379,0.097171,0.092311,0.089373
"1188_317.199_4.414",0.8841,0.95791,0.99118,0.9532,0.91976
"1189_637.447_4.987",0.10536,0.10417,0.097417,0.092539,0.089023
"1190_269.211_7.425",0.11142,0.10667,0.1003,0.095306,0.092629
"1191_367.216_6.349",0.1058,0.10486,0.097901,0.093026,0.090071
"1192_335.211_4.051",0.10317,0.10307,0.096338,0.091526,0.087473
"1193_559.486_7.484",0.075407,0.059486,0.064471,0.063571,0.061848
"1194_373.19_3.165",0.10099,0.10273,0.095937,0.091176,0.086739
"1195_677.439_4.55",0.10143,0.10279,0.096014,0.091242,0.086869
"1196_333.195_3.652",0.16328,0.21417,0.19956,0.19133,0.18225
"1197_369.231_6.209",0.079956,0.068069,0.068624,0.066613,0.063507
"1198_325.203_5.366",0.39722,0.33647,0.43936,0.47547,0.45459
"1199_579.437_10.032",0.11229,0.107,0.10039,0.095411,0.093943
"1200_317.2_3.314",0.074891,0.063802,0.060304,0.060464,0.065632
"1201_747.483_5.322",0.011422,0.10801,0.13893,0.14136,0.1404
"1202_401.222_3.434",0.10065,0.10313,0.096303,0.091539,0.087005
"1203_283.192_6.752",0.51384,1.0281,1.0026,1.1756,1.2611
"1204_609.451_7.953",0.087282,0.12133,0.11273,0.10858,0.10353
"1205_673.442_7.753",0.10453,0.097953,0.090957,0.086652,0.082142
"1206_318.289_4.69",0.11312,0.11217,0.10468,0.099445,0.095355
"1207_559.486_7.573",0.0067192,0.10966,0.12401,0.1197,0.13287
"1208_333.195_3.947",0.078295,0.073734,0.070261,0.066747,0.063304
"1209_317.2_4.621",1.9838,4.3265,4.0214,3.8568,3.6575
"1210_719.381_3.791",1.309,1.9979,1.8993,1.8581,1.7698
"1211_271.22_6.11",0.18567,0.26228,0.2498,0.25062,0.24715
"1212_343.178_3.464",0.60994,0.84205,0.84834,0.81176,0.77154
"1213_355.215_6.084",0.33618,0.24992,0.23386,0.2375,0.23174
"1214_283.192_5.355",0.05184,0.03772,0.068489,0.083263,0.086042
"1215_357.194_4.84",0.33719,0.6132,0.58081,0.55656,0.53616
"1216_671.393_7.782",0.13014,0.2464,0.23758,0.23947,0.22945
"1217_335.211_2.076",0.24188,0.35226,0.33664,0.33602,0.34009
"1218_373.19_2.701",0.04549,0.034392,0.21472,0.3324,0.32565
"1219_378.255_3.33",0.14519,0.17979,0.16767,0.16162,0.15605
"1220_371.174_3.777",0.44445,0.63671,0.601,0.65441,0.63654
"1221_371.174_3.13",0.0023735,0.045534,0.043718,0.062671,0.078749
"1222_440.311_5.399",0.074056,0.085731,0.080113,0.07657,0.07271
"1223_343.214_3.396",0.022234,0.061315,0.057018,0.056803,0.054749
"1224_641.418_5.091",0.087209,0.095267,0.08888,0.084652,0.080223
"1225_305.235_5.853",0.10914,0.18986,0.17842,0.17048,0.16478
"1226_343.214_3.579",0.084264,0.095097,0.088559,0.084335,0.07993
"1227_315.184_1.797",0.020332,0.064024,0.059451,0.056732,0.053941
"1228_609.449_10.342",0.014685,0.047954,0.04452,0.042422,0.04222
"1229_285.209_3.844",0.090509,0.097087,0.090597,0.086206,0.081695
"1230_418.269_6.037",0.47601,0.47366,0.46159,0.45411,0.45487
"1231_317.2_5.083",0.22386,0.16231,0.15223,0.17698,0.16806
"1232_311.187_5.311",0.11576,0.092167,0.091667,0.087081,0.099389
"1233_355.179_1.792",0.17075,0.12319,0.1156,0.11405,0.10827
"1234_751.442_3.877",0.089111,0.093167,0.08765,0.084091,0.080002
"1235_687.389_1.804",0.063616,0.081303,0.075778,0.072436,0.068647
"1236_595.433_10.289",0.11153,0.096356,0.089776,0.085324,0.080886
"1237_335.211_3.578",0.2402,0.64137,0.62064,0.60805,0.57777
"1238_301.203_3.715",0.0034979,0.050136,0.046541,0.046342,0.044214
"1239_342.233_6.816",0.09731,0.13762,0.1284,0.12243,0.11728
"1240_347.212_4.696",0.058241,0.11921,0.11355,0.14752,0.15242
"1241_810.997_4.519",0.61048,1.0081,0.94958,0.94021,0.90453
"1242_422.322_5.026",0.10271,0.10622,0.098593,0.093933,0.089797
"1243_615.405_4.525",0.23244,0.41083,0.39485,0.38386,0.36498
"1244_349.191_3.143",0.24559,0.42757,0.40402,0.41246,0.40289
"1245_317.294_6.525",1.1336,1.7488,1.6898,1.6931,1.6618
"1246_349.191_2.874",0.3772,0.59312,0.5796,0.55655,0.52777
"1247_317.2_0.924",0.10484,0.10239,0.095849,0.092515,0.089169
"1248_752.562_12.183",0.071547,0.093375,0.086786,0.082501,0.078857
"1249_715.42_4.586",0.070347,0.060864,0.068585,0.072831,0.071979
"1250_287.224_7.269",0.27353,0.27995,0.31328,0.29768,0.28414
"1251_333.196_3.231",0.002321,0.060271,0.061327,0.069144,0.076727
"1252_355.179_2.121",0.10671,0.09795,0.090926,0.086442,0.081947
"1253_285.207_5.483",0.0083035,0.039309,0.039508,0.050834,0.070975
"1254_345.327_7.475",1.6941,1.8799,1.8263,1.7862,1.7215
"1255_405.218_3.956",0.10385,0.099083,0.091977,0.087458,0.082908
"1256_715.42_4.847",0.016744,0.036371,0.051389,0.049328,0.047044
"1257_542.269_3.872",0.079944,0.077214,0.073156,0.069496,0.06586
"1258_366.22_3.879",0.060184,0.04914,0.05084,0.048303,0.045802
"1259_351.207_1.94",0.031893,0.097082,0.094124,0.11179,0.11599
"1260_404.236_1.389",0.11695,0.13702,0.12745,0.12268,0.11846
"1261_287.224_4.331",0.77483,1.1304,1.0498,1.0512,1.0525
"1262_719.38_3.867",0.72141,1.0741,1.0223,1.0172,0.96472
"1263_531.436_10.068",0.05398,0.051377,0.059489,0.063445,0.064767
"1264_320.212_2.637",0.13943,0.19381,0.18007,0.18109,0.1811
"1265_612.52_9.139",0.40899,0.56321,0.52279,0.51013,0.49901
"1266_376.239_0.506",0.15296,0.19272,0.18003,0.17404,0.16831
"1267_374.26_0.953",0.014038,0.010049,0.059696,0.056745,0.06831
"1268_377.185_1.069",0.14298,0.17738,0.16554,0.16034,0.15534
"1269_703.455_4.577",0.064731,0.080148,0.074906,0.071764,0.06801
"1270_359.21_3.233",0.26595,0.3555,0.32997,0.3205,0.31124
"1271_327.219_4.336",0.33732,0.45723,0.42443,0.41606,0.40595
"1272_623.408_6.455",1.4141,1.1824,1.0984,1.0849,1.0356
"1273_691.419_3.708",0.037804,0.13995,0.1342,0.1303,0.12549
"1274_655.398_4.449",1.2393,1.5332,1.5904,1.5409,1.4809
"1275_287.223_5.962",0.10956,0.10502,0.098734,0.093847,0.089124
"1276_659.429_4.873",0.20232,0.16981,0.18589,0.17742,0.17799
"1277_185.071_0.251",0.10328,0.10369,0.097221,0.092377,0.087577
"1278_299.188_5.674",0.17945,0.1339,0.13949,0.1336,0.12959
"1279_317.2_4.537",0.37427,0.64457,0.65348,0.62812,0.59959
"1280_403.238_4.791",0.0083927,0.097324,0.10017,0.095219,0.12469
"1281_273.243_7.328",0.050411,0.062855,0.079174,0.075385,0.097064
"1282_601.425_4.873",0.15005,0.10752,0.11004,0.10493,0.10303
"1283_441.219_5.557",0.12833,0.09552,0.091377,0.087206,0.084117
"1284_299.189_4.447",0.33769,0.32521,0.34189,0.32936,0.31377
"1285_743.452_6.122",0.11532,0.094816,0.088482,0.084297,0.080277
"1286_532.371_6.354",0.008801,0.14116,0.13173,0.13034,0.16657
"1287_123.089_5.032",0.14118,0.10161,0.1018,0.096708,0.091726
"1288_575.406_9.763",0.10414,0.098506,0.091462,0.08705,0.082512
"1289_660.521_10.025",0.10086,0.10007,0.093029,0.088481,0.083853
"1290_399.207_1.539",0.20335,0.15527,0.16107,0.15507,0.15305
"1291_269.212_7.269",0.20753,0.16615,0.19068,0.18134,0.17191
"1292_498.319_5.722",0.10904,0.10882,0.10167,0.097315,0.094859
"1293_269.212_6.599",0.19191,0.32774,0.30502,0.29386,0.27877
"1294_301.204_4.723",0.25344,0.22364,0.23347,0.22756,0.22757
"1295_793.49_8.676",0.053796,0.041405,0.043909,0.041765,0.04472
"1296_617.42_5.803",0.10089,0.099863,0.0929,0.088438,0.083813
"1297_333.195_2.791",0.1145,0.094881,0.088513,0.084273,0.080094
"1298_625.481_10.895",0.11825,0.096188,0.089791,0.085449,0.081111
"1299_369.195_5.009",0.080564,0.073704,0.085977,0.10124,0.099366
"1300_281.176_4.425",0.16936,0.12228,0.12851,0.12214,0.11658
"1301_367.215_6.421",0.051978,0.083771,0.081041,0.077144,0.074625
"1302_532.169_0.407",0.015556,0.029926,0.029788,0.033529,0.056173
"1303_353.164_3.15",0.079785,0.075487,0.071069,0.067613,0.064737
"1304_339.183_4.774",0.44745,2.1418,2.0998,2.0695,2.0088
"1305_351.207_2.72",0.068078,0.054828,0.075292,0.092456,0.090677
"1306_671.393_4.573",0.054876,0.042614,0.042642,0.04514,0.045436
"1307_323.187_6.454",1.2964,0.94375,0.97896,1.1452,1.0943
"1308_315.184_3.756",0.28749,0.45622,0.42645,0.4209,0.40976
"1309_269.212_4.336",0.44497,0.61746,0.57342,0.56989,0.5631
"1310_329.237_5.875",0.27629,0.36633,0.34023,0.33434,0.32636
"1311_723.41_3.583",0.086361,0.083044,0.08173,0.081533,0.077893
"1312_665.407_3.856",0.0039024,0.082067,0.17289,0.2401,0.24062
"1313_267.196_5.563",0.17637,0.14424,0.15814,0.16233,0.17177
"1314_415.351_6.21",0.14822,0.19548,0.1823,0.17451,0.167
"1315_955.546_8.005",0.04794,0.1908,0.18729,0.19535,0.1988
"1316_383.211_5.482",0.10467,0.10898,0.10686,0.10606,0.10063
"1317_371.174_3.867",0.066859,0.086734,0.17692,0.16807,0.22274
"1318_325.203_5.593",1.0313,3.7435,3.7691,4.5699,4.3787
"1319_397.191_5.261",0.10429,0.097745,0.090769,0.086483,0.081986
"1320_691.422_6.186",0.17786,0.13137,0.14021,0.13338,0.12878
"1321_373.189_2.427",0.070389,0.21782,0.36402,0.50897,0.5164
"1322_671.393_6.061",0.10109,0.10038,0.09332,0.088759,0.084134
"1323_387.206_4.174",0.11427,0.12927,0.12063,0.11502,0.10901
"1324_341.199_4.357",1.6494,3.1009,2.9471,2.8457,2.7586
"1325_357.194_3.16",0.38155,0.65298,0.62538,0.62327,0.61364
"1326_179.084_4.374",0.010349,0.11371,0.28548,0.40957,0.41226
"1327_283.192_4.373",0.056574,0.040819,0.188,0.2825,0.28075
"1328_497.306_4.381",0.022663,0.056771,0.17711,0.25637,0.25778
"1329_349.191_3.447",0.11292,0.13153,0.12884,0.13069,0.12451
"1330_397.339_6.209",0.1656,0.22397,0.20929,0.201,0.19237
"1331_357.194_1.843",0.010849,0.077691,0.23625,0.3431,0.34525
"1332_364.276_4.367",0.015954,0.068744,0.14406,0.19127,0.18498
"1333_723.41_2.412",0.22011,0.48391,0.6771,0.871,0.87071
"1334_624.52_9.117",0.19412,0.2459,0.22833,0.22078,0.21262
"1335_579.438_10.88",0.088756,0.08699,0.084558,0.083994,0.08003
"1336_707.414_2.72",0.052777,0.037718,0.0866,0.11919,0.11868
"1337_319.215_2.14",0.14742,0.17331,0.16129,0.15596,0.14956
"1338_323.187_6.814",0.10968,0.28448,0.26823,0.25773,0.24902
"1339_637.447_4.367",0.022644,0.12752,0.22962,0.31259,0.31319
"1340_705.4_3.71",0.035101,0.039026,0.11249,0.15902,0.15932
"1341_399.206_5.091",0.085656,0.08179,0.081821,0.083804,0.080275
"1342_691.42_1.84",0.044333,0.034771,0.097421,0.13685,0.13663
"1343_691.42_3.177",0.13177,0.32304,0.63465,0.90962,0.88927
"1344_719.379_3.142",0.035612,0.028775,0.034984,0.037506,0.040761
"1345_708.514_11.037",0.12068,0.25235,0.26612,0.30974,0.29606
"1346_456.4_7.506",0.044988,0.033913,0.082924,0.098521,0.099827
"1347_397.192_4.174",0.088997,0.085628,0.080078,0.076085,0.072248
"1348_397.191_4.456",0.11979,0.16372,0.21477,0.25466,0.27216
"1349_287.224_5.236",0.25599,0.33132,0.41746,0.39668,0.376
"1350_427.203_5.212",0.041418,0.39359,0.42171,0.47273,0.45914
"1351_339.183_5.428",0.10678,0.10286,0.095657,0.090887,0.086336
"1352_285.179_5.217",0.098937,0.10665,0.099863,0.096755,0.091698
"1353_675.427_6.71",0.12111,0.096299,0.090778,0.086305,0.08179
"1354_577.497_7.64",0.50844,0.73168,0.67939,0.65941,0.63742
"1355_476.337_5.281",0.57311,0.86536,0.8042,0.7783,0.74982
"1356_667.492_4.451",0.1677,0.20247,0.18836,0.18321,0.17678
"1357_603.402_8.469",0.34949,0.48385,0.44908,0.43634,0.42185
"1358_330.269_4.739",0.27167,0.36175,0.33579,0.32698,0.3166
"1359_319.216_3.192",0.35108,0.50908,0.47427,0.45138,0.42852
"1360_663.46_5.727",0.22089,0.29236,0.27136,0.26073,0.24911
"1361_679.492_5.705",0.14209,0.16567,0.15419,0.14881,0.14245
"1362_695.451_3.182",0.12066,0.14154,0.13137,0.12481,0.11843
"1363_341.235_6.643",0.14273,0.1734,0.16095,0.15348,0.14556
"1364_559.486_7.64",0.12087,0.13523,0.12596,0.12076,0.11485
"1365_624.52_9.134",0.13261,0.15193,0.14149,0.13636,0.13027
"1366_757.562_10.339",0.11441,0.12598,0.1174,0.11234,0.10669
"1367_427.24_5.477",0.12033,0.1344,0.12522,0.1201,0.11426
"1368_341.199_4.077",0.12558,0.1419,0.13217,0.12704,0.12107
"1369_679.456_7.7",0.12628,0.14297,0.13314,0.1279,0.12185
"1370_343.215_4.509",0.18883,0.20558,0.19368,0.19433,0.18419
"1371_343.216_5.355",0.0776,0.071386,0.07328,0.074295,0.071753
"1372_385.227_5.107",0.3012,0.4283,0.39839,0.38062,0.36179
"1373_315.183_4.072",0.059476,0.053662,0.062537,0.0693,0.087261
"1374_627.439_5.625",0.29441,0.27219,0.28881,0.31655,0.52611
"1375_339.183_5.554",0.091407,0.095512,0.089858,0.086418,0.082541
"1376_285.208_4.095",0.10706,0.15034,0.14023,0.13385,0.1286
"1377_362.26_4.816",0.024862,0.068323,0.06348,0.060398,0.05724
"1379_373.19_3.526",0.085903,0.082275,0.081947,0.083416,0.079658
"1380_301.204_3.197",0.10728,0.12255,0.11889,0.11984,0.11641
"1381_283.193_4.979",0.053837,0.041125,0.065419,0.07613,0.079743
"1382_355.179_2.269",0.11417,0.13449,0.12482,0.11892,0.11322
"1384_285.208_6.452",0.024083,0.039437,0.144,0.20072,0.22169
"1385_317.199_3.647",0.072066,0.068966,0.10537,0.14099,0.1576
"1386_813.565_6.057",0.041671,0.072196,0.067006,0.063837,0.061112
"1387_747.411_4.191",0.26577,0.21448,0.20973,0.28934,0.30396
"1388_374.261_6.506",0.15855,0.13821,0.13277,0.1499,0.14974
"1389_1297.823_6.277",0.10163,0.099332,0.092475,0.088193,0.083602
"1390_405.22_5.11",0.10045,0.10015,0.093282,0.088881,0.084235
"1391_405.22_5.202",0.17015,0.17313,0.18113,0.27315,0.27531
"1392_615.46_9.71",0.10147,0.09949,0.092635,0.088336,0.083734
"1393_371.247_6.826",0.067862,0.084282,0.078538,0.075052,0.071128
"1394_831.434_5.207",0.063593,0.049124,0.06546,0.083234,0.08076
"1395_413.223_5.779",0.11552,0.12441,0.1196,0.12879,0.1257
"1396_331.18_4.191",0.23143,0.19152,0.18535,0.24121,0.2499
"1397_359.212_5.564",0.13197,0.096522,0.094946,0.090247,0.085764
"1398_691.422_5.979",0.10834,0.097404,0.090404,0.086219,0.081831
"1399_361.228_5.95",0.22656,0.18628,0.23734,0.23105,0.22688
"1400_311.223_7.65",0.23697,0.30858,0.29488,0.28108,0.27251
"1401_427.24_6.213",0.085774,0.28432,0.27579,0.26216,0.30333
"1402_387.206_4.865",0.11121,0.1136,0.10704,0.10453,0.099516
"1403_299.189_4.616",0.54464,1.1672,1.0838,1.0311,0.98286
"1404_333.196_4.731",0.195,0.15245,0.16206,0.15656,0.15277
"1405_473.313_5.631",0.12584,0.1148,0.11034,0.10492,0.11578
"1406_269.212_5.619",0.30887,0.74035,0.70676,0.672,0.7435
"1407_303.22_5.786",0.66312,0.49023,0.56612,0.65431,0.76151
"1408_577.497_7.569",0.073176,0.05741,0.063052,0.062533,0.060557
"1409_694.544_10.79",0.09877,0.10009,0.094605,0.091368,0.086945
"1410_369.231_6.887",0.085529,0.065349,0.068702,0.11683,0.19958
"1411_341.2_4.874",0.11551,0.096104,0.089836,0.085418,0.081049
"1412_315.145_0.976",0.10657,0.097456,0.090471,0.08629,0.082074
"1413_375.237_3.742",0.080257,0.068501,0.065863,0.062704,0.062755
"1414_341.198_4.66",0.11716,0.10348,0.12149,0.12573,0.13079
"1415_299.187_4.051",0.10725,0.10345,0.096359,0.092021,0.087211
"1416_499.357_7.381",0.26079,0.3445,0.32321,0.31932,0.30886
"1417_659.429_3.334",0.23,0.41628,0.39561,0.38595,0.36858
"1418_315.184_4.917",0.10516,0.17941,0.16889,0.16409,0.15855
"1419_359.212_5.686",0.12436,0.11481,0.10739,0.104,0.098557
"1420_303.22_5.6",6.274,7.7056,7.1555,8.2498,9.2666
"1421_369.16_3.386",0.087885,0.094232,0.087922,0.083602,0.07925
"1422_381.196_5.763",0.1391,0.10487,0.10138,0.096308,0.092415
"1423_731.416_3.857",0.015172,0.063041,0.14445,0.1983,0.19684
"1424_301.205_5.888",0.12522,0.098329,0.096491,0.092444,0.089481
"1425_327.219_5.234",0.14038,0.11596,0.11894,0.11309,0.11017
"1426_269.213_6.421",0.08454,0.31151,0.34558,0.34371,0.33528
"1427_565.458_11.283",0.038506,0.065934,0.061783,0.062561,0.059312
"1428_691.42_1.523",0.039383,0.035888,0.10312,0.14413,0.14368
"1429_287.224_5.851",0.28496,0.69839,0.73806,0.72748,0.71009
"1430_287.224_6.422",0.1597,0.51287,0.5565,0.54334,0.53516
"1431_269.212_5.848",0.035778,0.20516,0.23709,0.23772,0.23301
"1432_663.461_5.062",0.036497,0.058743,0.088723,0.09234,0.092126
"1433_997.688_5.967",0.015083,0.16139,0.19238,0.19383,0.19004
"1434_305.237_5.758",0.048441,0.043268,0.071045,0.074961,0.076774
"1435_328.253_6.421",0.06822,0.050535,0.060741,0.061254,0.059839
"1436_411.244_7.279",0.077965,0.065229,0.067182,0.065713,0.0633
"1437_271.229_8.07",0.072106,0.056028,0.062564,0.06234,0.060811
"1438_285.208_6.616",0.061236,0.043779,0.060993,0.062829,0.06207
"1439_319.216_4.183",0.066938,0.049319,0.058237,0.058147,0.057851
"1440_301.204_6.816",6.9021,5.4285,5.0482,4.8124,4.6602
"1441_289.239_7.542",0.019114,0.19094,0.22536,0.21554,0.22218
"1442_631.47_5.878",0.23253,0.67084,0.7196,0.70367,0.68602
"1443_781.087_5.963",0.055305,0.041646,0.064297,0.067431,0.06651
"1444_476.337_5.843",0.056323,0.042046,0.063672,0.06625,0.064833
"1445_343.214_5.236",0.070393,0.052966,0.061028,0.060853,0.058473
"1446_631.47_6.16",0.33167,0.32875,0.80049,0.76375,0.8377
"1447_324.21_6.025",0.053517,0.03957,0.045252,0.043001,0.059437
"1448_369.231_7.113",0.074629,0.060371,0.060255,0.057499,0.058018
"1449_369.232_7.144",0.041933,0.045142,0.056109,0.053864,0.069332
"1450_345.232_5.956",0.011455,0.0912,0.094775,0.090057,0.11908
"1451_305.236_6.307",1.1226,2.4089,2.2861,2.1738,2.3581
"1452_641.479_4.673",0.56386,1.2634,1.2017,1.1427,1.249
"1453_303.22_4.673",0.98528,2.1285,2.0204,1.9212,2.0855
"1454_363.245_4.791",0.1989,0.51545,0.49396,0.46967,0.52608
"1455_287.224_6.301",0.15836,0.43246,0.41554,0.39509,0.4461
"1456_461.246_4.63",0.077067,0.26677,0.25919,0.24639,0.28644
"1457_385.227_6.134",0.050237,0.21237,0.20802,0.19772,0.23438
"1458_609.488_6.312",0.024866,0.16167,0.16036,0.15242,0.18591
"1459_363.244_5.956",0.090766,0.2946,0.28537,0.2713,0.31342
"1460_340.206_3.748",0.040004,0.19227,0.18894,0.17962,0.21481
"1461_404.273_5.949",0.055935,0.22413,0.21897,0.20816,0.24551
"1462_447.266_5.369",0.033194,0.17829,0.17599,0.16727,0.20154
"1463_631.47_6.306",0.00032368,0.1137,0.11533,0.10964,0.14073
"1464_381.256_4.791",0.019227,0.077398,0.081962,0.077882,0.10558
"1465_961.72_4.673",0.0044534,0.12167,0.12295,0.11685,0.14768
"1466_747.484_5.147",0.047075,0.040484,0.047404,0.045034,0.065299
"1467_419.234_3.836",0.060967,0.043785,0.047149,0.044852,0.055687
"1468_563.348_5.055",0.046162,0.040766,0.048076,0.045688,0.066231
"1469_339.243_2.922",0.052965,0.03937,0.045945,0.043777,0.059134
"1470_445.25_4.919",0.045113,0.041547,0.048705,0.046271,0.067411
"1471_363.245_6.218",0.067303,0.050888,0.052098,0.049643,0.055366
"1472_719.452_4.806",0.082775,0.075271,0.071614,0.068189,0.066504
"1473_623.467_3.766",0.087133,0.082951,0.07823,0.074459,0.071538
"1474_404.272_4.945",0.056427,0.040578,0.045357,0.043106,0.057676
"1475_381.261_4.213",0.077271,0.065803,0.063583,0.060521,0.061051
"1476_337.227_4.055",0.075192,0.062264,0.06055,0.057588,0.059179
"1477_601.479_9.69",0.082848,0.075399,0.071721,0.068289,0.066586
"1478_400.23_4.791",0.076202,0.063858,0.061827,0.058796,0.059913
"1479_371.247_6.385",0.080942,0.071944,0.068752,0.065453,0.064329
"1480_427.24_6.486",0.083011,0.07547,0.071732,0.068274,0.06641
"1481_289.24_5.925",0.086672,0.082126,0.077515,0.073782,0.070971
"1482_419.234_3.934",0.08804,0.084578,0.079648,0.0758,0.07267
"1483_429.256_5.528",0.087422,0.083466,0.078686,0.074895,0.071888
"1484_382.218_5.055",0.076015,0.063609,0.061636,0.058618,0.059888
"1485_337.228_3.126",0.08458,0.078424,0.074308,0.07074,0.06851
"1486_319.217_2.262",0.087795,0.084134,0.079272,0.075453,0.072349
"1487_375.215_4.256",0.063014,0.081531,0.075959,0.072669,0.068867
"1488_631.47_5.616",0.021656,0.07378,0.077453,0.073845,0.10414
"1489_327.218_5.608",0.034099,0.05506,0.060169,0.05736,0.082167
"1490_601.48_10.104",0.044604,0.04211,0.048166,0.045844,0.07016
"1491_445.25_5.071",0.070127,0.054584,0.054165,0.051459,0.056964
"1492_609.488_6.017",0.071776,0.057017,0.05609,0.053292,0.057744
"1493_809.452_5.103",0.12206,0.12416,0.1179,0.11882,0.1141
"1494_330.269_7.705",0.065599,0.048695,0.05003,0.047548,0.055984
"1495_701.44_5.058",0.038477,0.069407,0.067652,0.064275,0.10294
"1496_429.265_5.687",0.11856,0.15921,0.14836,0.14188,0.13778
"1497_301.204_5.069",0.11009,0.11108,0.10384,0.1001,0.099696
"1498_289.239_5.177",0.65042,0.46504,0.44442,0.4528,0.42939
"1499_659.429_5.264",0.12907,0.1213,0.11524,0.11742,0.1252
"1500_401.223_3.859",0.10812,0.11346,0.10595,0.10127,0.098593
"1502_919.676_6.603",0.036386,0.057687,0.05515,0.054069,0.051417
"1504_587.228_7.621",0.013821,0.046885,0.044692,0.044612,0.049163
"1505_609.451_8.672",0.067469,0.064467,0.066536,0.066099,0.065382
"1506_719.379_2.787",0.087193,0.086504,0.08094,0.076902,0.073304
"1507_387.17_3.311",0.07982,0.075417,0.071132,0.067616,0.064545
"1508_331.18_3.151",0.085983,0.084619,0.079301,0.075337,0.071758
"1509_283.192_6.453",0.08107,0.058049,0.055618,0.052872,0.059911
"1510_269.212_7.087",0.078213,0.12193,0.11335,0.10768,0.1025
"1511_287.224_4.966",0.16263,0.1389,0.13096,0.12615,0.1204
"1512_399.207_3.801",0.024036,0.1476,0.25142,0.33794,0.33357
"1513_271.228_6.812",0.22091,0.17018,0.20288,0.19622,0.19962
"1514_333.232_6.507",0.10608,0.10998,0.10265,0.098171,0.093035
"1515_325.203_5.446",0.13434,0.13477,0.14094,0.1481,0.14437
"1516_377.297_6.932",0.11237,0.13728,0.12742,0.1214,0.11676
"1517_305.235_4.978",0.13066,0.15896,0.14758,0.14019,0.13312
"1518_339.183_4.073",0.15147,0.10891,0.12126,0.12099,0.12674
"1519_383.211_5.064",0.11977,0.11221,0.10834,0.10326,0.098495
"1520_319.216_5.262",0.10709,0.10537,0.1,0.095021,0.090049
"1521_317.199_2.033",0.29239,0.42448,0.4061,0.40713,0.40468
"1522_357.194_4.079",0.11472,0.11133,0.10452,0.10117,0.099375
"1523_338.332_8.713",0.04079,0.20815,0.19454,0.22371,0.23841
"1524_317.199_5.506",0.39849,0.38244,0.40132,0.42253,0.43922
"1525_301.204_4.406",0.095323,0.21672,0.4262,0.63087,0.64957
"1526_322.194_5.57",0.74778,0.60023,0.64883,0.84463,0.86755
"1528_587.445_5.569",0.19069,0.13677,0.12757,0.12287,0.11893
"1529_341.199_6.452",0.070968,0.05963,0.056142,0.053556,0.050781
"1530_582.485_9.912",0.090085,0.09669,0.090268,0.086036,0.081713
"1531_405.22_3.346",0.10566,0.1094,0.10258,0.098796,0.093748
"1532_605.402_9.349",0.087221,0.094848,0.088474,0.084225,0.079837
"1533_305.235_5.286",0.13364,0.38891,0.37699,0.3595,0.37025
"1534_373.192_5.208",0.13253,0.13339,0.12777,0.13306,0.12896
"1535_401.223_2.037",0.10278,0.1023,0.095659,0.091806,0.087699
"1536_749.521_9.967",0.062367,0.099209,0.092766,0.089628,0.090054
"1537_831.434_7.104",0.29497,0.28376,0.29467,0.40004,0.41187
"1538_371.211_5.063",0.41666,0.30823,0.32218,0.31899,0.3442
"1539_373.19_3.722",0.021849,0.1262,0.22797,0.31037,0.31107
"1540_399.207_5.685",0.22753,0.22159,0.22452,0.28527,0.29005
"1541_313.168_5.208",0.19424,0.19122,0.19057,0.23031,0.23172
"1542_809.452_7.104",0.1478,0.14792,0.14323,0.15597,0.15301
"1543_626.311_5.183",0.20228,0.1958,0.19698,0.24245,0.24498
"1544_345.196_5.685",0.1313,0.13227,0.12657,0.13131,0.12713
"1545_831.434_6.99",0.13348,0.13513,0.1294,0.13506,0.13096
"1546_413.223_6.347",0.11962,0.12283,0.11628,0.1162,0.11129
"1547_459.23_5.632",0.11823,0.12048,0.11408,0.11364,0.10876
"1548_413.223_6.742",0.1352,0.13667,0.13103,0.13746,0.13348
"1549_421.216_3.697",0.11717,0.11964,0.11318,0.11238,0.10745
"1550_563.293_4.184",0.10963,0.1124,0.10577,0.10286,0.097817
"1551_459.23_4.865",0.1083,0.11271,0.10579,0.10245,0.097329
"1552_445.214_3.346",0.11048,0.11381,0.10708,0.1043,0.099224
"1553_831.434_6.742",0.11187,0.11513,0.10843,0.10602,0.10096
"1554_759.448_7.952",0.10874,0.11321,0.10628,0.10304,0.097911
"1555_789.422_6.546",0.1135,0.11684,0.11015,0.10816,0.10311
"1556_819.578_5.145",0.1077,0.11254,0.10555,0.10205,0.096909
"1557_1640.888_7.104",0.10998,0.11353,0.10676,0.10386,0.098774
"1558_443.199_3.697",0.11615,0.11903,0.11247,0.1113,0.10632
"1559_809.451_6.742",0.10563,0.10916,0.10237,0.098598,0.093561
"1560_377.224_5.685",0.10747,0.11101,0.10422,0.10077,0.095704
"1561_443.198_3.399",0.10121,0.10335,0.096779,0.09249,0.087662
"1562_399.207_5.448",0.10749,0.11137,0.10453,0.10107,0.095982
"1563_382.182_4.184",0.10543,0.10885,0.10208,0.098279,0.093252
"1564_687.462_6.483",0.10359,0.1041,0.097793,0.093904,0.089066
"1565_809.452_6.985",0.10178,0.10352,0.097013,0.092811,0.087977
"1567_301.204_6.647",0.14753,0.13891,0.13641,0.14998,0.14784
"1568_375.208_4.504",0.08995,0.095468,0.08927,0.085067,0.080619
"1569_645.534_12.197",0.03573,0.029578,0.07696,0.11944,0.1234
"1570_317.2_5.678",0.11919,0.12344,0.11553,0.10979,0.10772
"1571_512.332_6.101",0.16814,0.1975,0.18338,0.17503,0.16589
"1572_691.42_4.112",0.011631,0.065266,0.060724,0.05937,0.061139
"1573_415.239_6.19",0.075497,0.089289,0.082871,0.078892,0.076767
"1574_315.184_4.268",0.00815,0.054249,0.050745,0.048301,0.046542
"1575_371.175_4.092",0.035724,0.027028,0.03361,0.042328,0.040705
"1576_151.089_5.583",0.125,0.17062,0.16318,0.1606,0.15697
"1578_335.211_3.353",0.077738,0.088505,0.08272,0.079309,0.075592
"1579_339.184_5.042",0.061216,0.047966,0.046236,0.051223,0.049608
"1580_301.204_4.559",0.32603,0.47826,0.45167,0.44424,0.45407
"1581_303.219_5.087",0.11418,0.20008,0.18853,0.17997,0.17464
"1582_719.379_2.98",0.070418,0.085433,0.079648,0.076349,0.072359
"1583_573.39_9.707",0.090535,0.097001,0.090516,0.086121,0.081616
"1584_333.232_6.242",0.80523,0.57622,0.57499,0.56296,0.54965
"1585_369.195_4.936",0.055509,0.077473,0.07222,0.07017,0.066504
"1586_601.425_6.453",0.20143,0.14421,0.1452,0.15239,0.17623
"1587_374.261_0.52",0.085311,0.092738,0.086647,0.082615,0.078298
"1588_707.171_9.141",0.1058,0.10848,0.10227,0.097644,0.092834
"1589_339.183_5.634",0.094994,0.10001,0.093725,0.08905,0.084401
"1590_305.235_6.098",0.34097,0.30077,0.403,0.42263,0.43343
"1591_703.515_10.836",0.10556,0.1212,0.11263,0.10724,0.10162
"1592_341.199_4.572",0.51156,1.1388,1.1459,1.1788,1.2764
"1593_655.398_4.609",0.28466,0.4829,0.47124,0.48358,0.48173
"1594_723.411_3.724",0.069485,0.056954,0.073971,0.088044,0.085983
"1595_333.195_2.421",0.053273,0.038075,0.088835,0.12569,0.12472
"1596_392.235_2.412",0.056815,0.041094,0.08281,0.1122,0.11159
"1597_331.18_1.403",0.069097,0.056484,0.075453,0.093001,0.090609
"1598_521.299_3.153",0.08342,0.078539,0.079069,0.080395,0.076657
"1599_331.18_3.436",0.072414,0.061118,0.074768,0.087197,0.084982
"1600_177.07_3.839",0.077294,0.086369,0.08097,0.077596,0.073538
"1601_751.37_1.409",0.07422,0.063847,0.075022,0.085681,0.08322
"1602_351.206_2.427",0.082458,0.076501,0.079664,0.084852,0.081853
"1603_521.299_3.176",0.088248,0.086134,0.084068,0.083881,0.079981
"1604_349.191_2.694",0.084807,0.080452,0.080403,0.081388,0.078009
"1605_388.277_3.26",0.061008,0.06979,0.067894,0.069202,0.065878
"1607_771.412_4.271",0.061268,0.078615,0.073432,0.070322,0.066708
"1608_478.292_5.41",0.083637,0.090022,0.084217,0.080175,0.075996
"1609_333.197_1.797",0.082518,0.091238,0.085183,0.081073,0.076848
"1610_367.216_6.914",0.076763,0.091464,0.085168,0.081294,0.077057
"1611_374.261_6.265",0.086638,0.078242,0.073819,0.076641,0.074388
"1612_347.248_4.64",0.12589,0.1506,0.13978,0.13279,0.12604
"1613_269.212_5.298",0.12308,0.60789,0.59981,0.57189,0.58025
"1614_581.453_9.919",0.080007,0.091678,0.085349,0.08125,0.077588
"1616_661.466_10.223",0.082866,0.095427,0.089688,0.088092,0.083655
"1617_180.076_5.647",0.096784,0.1216,0.11286,0.10733,0.10217
"1618_387.207_4.607",0.054677,0.076139,0.07092,0.06813,0.064729
"1619_230.193_2.307",0.12548,0.14758,0.13706,0.13083,0.12498
"1620_317.2_3.189",0.51917,0.80343,0.7788,0.79381,0.79693
"1621_299.187_3.2",0.18748,0.24975,0.23524,0.23062,0.22576
"1622_228.189_0.999",0.12441,0.14581,0.1354,0.1292,0.12338
"1623_344.249_5.603",0.14393,0.17494,0.16263,0.15449,0.14685
"1624_357.195_3.067",0.10315,0.10231,0.095689,0.091921,0.087931
